"Tweet Id","Tweet URL","Tweet Posted Time","Tweet Content","Tweet Type",Client,"Retweets Received","Likes Received","Tweet Location","Tweet Language","User Id",Name,Username,"User Bio","Verified or Non-Verified","Profile URL","User Followers","User Following","User Account Creation Date"
"""1434915587977662467""",https://twitter.com/fonsh2305_/status/1434915587977662467,"06-Sep-2021 16:25:10","""RT @Liuyu_Fanclub: 210906 Lâ€™OrÃ©al Ã— LIU YU

You light up my day and night.ğŸ“¸

#Liuyu #INTO1Liuyu #åˆ˜å®‡ #åŠ‰å®‡ #ãƒªãƒ¥ã‚¦ãƒ¦ #ë¦¬ìš°ìœ„ #à¸«à¸¥à¸´à¸§à¸­à¸§à¸µà¹ˆ #LÆ°uVÅ© #INTO1â€¦""",ReTweet,"""Twitter for Android""",50,0,"ğŸ²T to the K ğŸ˜, BKPP, INTO1",English,"""2839734308""",F.,fonsh2305_,"""ğŸ’šKacha, ğŸ’›Sehun,ğŸ’™PPKrit, bbilkin,                  
         ğŸ’œLiuyu, â¤ï¸HAN""",Non-Verified,https://twitter.com/fonsh2305_,346,547,"04-Oct-2014 06:43:44"
"""1434914369952010240""",https://twitter.com/NahanhE/status/1434914369952010240,"06-Sep-2021 16:20:19","""â¤ï¸ğŸ¤·â€â™€ï¸ğŸ’«ğŸ’«ğŸ’«ğŸ’«ğŸ’« Ø·Ø§ØºÙŠÙ‡ Ø§Ù†ØªÙŠ Ø·Ø§ØºÙŠÙ‡ Ø´Ù‡Ø§Ù„Ø¬Ù…Ø§Ø§Ø§Ø§Ø§Ù„ 
#fahriyeevcen  #loreal https://t.co/2r4q1if11p""",Tweet,"""Twitter for iPhone""",0,0,Turkey,Arabic,"""2858995004""",N.E,NahanhE,"""""",Non-Verified,https://twitter.com/NahanhE,910,1,"17-Oct-2014 00:33:39"
"""1434914333797097483""",https://twitter.com/FonAeris/status/1434914333797097483,"06-Sep-2021 16:20:11","""RT @Liuyu_Fanclub: 210906 Lâ€™OrÃ©al Ã— LIU YU

You light up my day and night.ğŸ“¸

#Liuyu #INTO1Liuyu #åˆ˜å®‡ #åŠ‰å®‡ #ãƒªãƒ¥ã‚¦ãƒ¦ #ë¦¬ìš°ìœ„ #à¸«à¸¥à¸´à¸§à¸­à¸§à¸µà¹ˆ #LÆ°uVÅ© #INTO1â€¦""",ReTweet,"""Twitter for Android""",50,0,"The Netherlands",English,"""884035422925533184""","ğŸ’® forever your butterfly, that's okayğŸ¦‹ğŸ",FonAeris,"""""",Non-Verified,https://twitter.com/FonAeris,291,157,"09-Jul-2017 13:04:04"
"""1434910643576967179""",https://twitter.com/chnann_/status/1434910643576967179,"06-Sep-2021 16:05:31","""RT @Liuyu_Fanclub: 210906 Lâ€™OrÃ©al Ã— LIU YU

You light up my day and night.ğŸ“¸

#Liuyu #INTO1Liuyu #åˆ˜å®‡ #åŠ‰å®‡ #ãƒªãƒ¥ã‚¦ãƒ¦ #ë¦¬ìš°ìœ„ #à¸«à¸¥à¸´à¸§à¸­à¸§à¸µà¹ˆ #LÆ°uVÅ© #INTO1â€¦""",ReTweet,"""Twitter for Android""",50,0,"â™¡ ğ•ƒğ•šğ•¦ğ•ªğ•¦â„•ğ•šğ•Ÿğ•–â€“24081107 â™¡",English,"""1095619931557617664""","ğŸ…½ğŸ…°ğŸ…½ğŸ…½ à«®â‚â‡€â€¸â†¼â€¶â‚áƒ",chnann_,"""ğŸ’™ğ‘³ğ’Šğ’–ğ’€ğ’– | ğŸ“ğ‘µğ’Šğ‘µğ‘¬ | ğŸ¦‹ğ‘©ğ’ğ’€ğ’–ğ’‚ğ’ | ğŸš€ğ’ğ’‰ğ’ğ’–ğ‘²ğ’†ğ’€ğ’– #INTO1 OT11
à¹€à¸£à¸·à¸­à¸«à¸¥à¸±à¸ #à¸«à¸¥à¸´à¸§à¸­à¸§à¸µà¹ˆà¸™à¸²à¸¢ â˜€ğŸŒ» ê’°#artworkINTO1 #AWchnann_ #revà¸™à¸­à¸™à¸­ê’±""",Non-Verified,https://twitter.com/chnann_,474,501,"13-Feb-2019 09:45:22"
"""1434909732922298371""",https://twitter.com/dundan_/status/1434909732922298371,"06-Sep-2021 16:01:54","""RT @Liuyu_Fanclub: 210906 Lâ€™OrÃ©al Ã— LIU YU

You light up my day and night.ğŸ“¸

#Liuyu #INTO1Liuyu #åˆ˜å®‡ #åŠ‰å®‡ #ãƒªãƒ¥ã‚¦ãƒ¦ #ë¦¬ìš°ìœ„ #à¸«à¸¥à¸´à¸§à¸­à¸§à¸µà¹ˆ #LÆ°uVÅ© #INTO1â€¦""",ReTweet,"""Twitter for Android""",50,0,Malaysia,English,"""1155784832619700226""",ç‚–è›‹ğŸ€,dundan_,"""ğ™‹ğ™§ğ™–ğ™˜ğ™©ğ™ğ™˜ğ™š ğ™¢ğ™–ğ™ ğ™šğ™¨ ğ™¥ğ™šğ™§ğ™›ğ™šğ™˜ğ™©.ğŸ–Œ      
å°¤é•¿é–      åˆ˜å®‡""",Non-Verified,https://twitter.com/dundan_,21,89,"29-Jul-2019 10:19:12"
"""1434901442641416195""",https://twitter.com/lorealpoland/status/1434901442641416195,"06-Sep-2021 15:28:57","""Åšrednio 100 kontroli jakoÅ›ci jest przeprowadzanych na tym samym produkcie L'OrÃ©al w celu sprawdzenia jego skutecznoÅ›ci, jakoÅ›ci i bezpieczeÅ„stwa.ğŸ™Œ #LOreal https://t.co/3t6PjScVk9""",Tweet,"""Twitter Web App""",0,0,"Warszawa, Mazowieckie",Polish,"""3526700722""","L'OrÃ©al Polska",lorealpoland,"""Lâ€™OrÃ©al dostarcza konsumentom na caÅ‚ym Å›wiecie innowacyjne produkty kosmetyczne. Przebadane pod wzglÄ™dem jakoÅ›ci i skutecznoÅ›ci.""",Non-Verified,https://twitter.com/lorealpoland,459,541,"02-Sep-2015 20:11:41"
"""1434900428722950146""",https://twitter.com/Meli25173047/status/1434900428722950146,"06-Sep-2021 15:24:56","""RT @Fevcen_Ozcivit: Fahriye Evcen'den yeni paylaÅŸÄ±mlar ğŸ”¥ğŸ”¥â¤ #fahriyeevcen #fahriyeevcenÃ¶zÃ§ivit #lorealparis #loreal #alparslan #akÃ§ahatun #uâ€¦""",ReTweet,"""Twitter for Android""",5,0,,Turkish,"""1214583111301906432""",Meli,Meli25173047,"""""",Non-Verified,https://twitter.com/Meli25173047,7,24,"07-Jan-2020 16:23:14"
"""1434897664857055239""",https://twitter.com/nawakspectacle/status/1434897664857055239,"06-Sep-2021 15:13:57","""L'OREAL recherche un modÃ¨le femme entre 35 - 50 ans pour un tournage le 17 septembre
Cliquez pour en savoir plusğŸ‘‡
https://t.co/fhBNcJFUTQ

#tournage #nawakspectacle #recrutement #figurant #casting #nawakcasting #emploi #modele #acting #mannequin #mannequinat #tuto #video #loreal https://t.co/ci5Mkh3ECj""",Tweet,"""Twitter Web App""",0,0,France,French,"""1709968387""","Annonces emploi Spectacle",nawakspectacle,"""RÃ©seau emploi des professionnels de l'audiovisuel et du Spectacle. Casting comÃ©diens, artistes, techniciens et intermittents. Annonces en temps rÃ©el.""",Non-Verified,https://twitter.com/nawakspectacle,1016,20,"29-Aug-2013 12:46:14"
"""1434897485806243843""",https://twitter.com/laduan14/status/1434897485806243843,"06-Sep-2021 15:13:14","""RT @Liuyu_Fanclub: 210906 Lâ€™OrÃ©al Ã— LIU YU

You light up my day and night.ğŸ“¸

#Liuyu #INTO1Liuyu #åˆ˜å®‡ #åŠ‰å®‡ #ãƒªãƒ¥ã‚¦ãƒ¦ #ë¦¬ìš°ìœ„ #à¸«à¸¥à¸´à¸§à¸­à¸§à¸µà¹ˆ #LÆ°uVÅ© #INTO1â€¦""",ReTweet,"""Twitter for Android""",50,0,,English,"""1308633478666149890""","Jie Yi â™¥â™¥ // INsider â™¥Ot11â™¥ //",laduan14,"""Too cute to CAREğŸ¤ª
UWMAâ™¥
PerthSaint|Kaoearth|
4Pillars 
KePat|LiuyuNine|SantaRiki|Jiahyuan|Boyuan|LinmoAK|Mika
Room1002
bayi
INTO1ğŸ’™INsider
OT11
SamYu BKPP
THE9""",Non-Verified,https://twitter.com/laduan14,72,383,"23-Sep-2020 05:05:23"
"""1434896334109102081""",https://twitter.com/jjellyloveu/status/1434896334109102081,"06-Sep-2021 15:08:39","""RT @Liuyu_Fanclub: 210906 Lâ€™OrÃ©al Ã— LIU YU

You light up my day and night.ğŸ“¸

#Liuyu #INTO1Liuyu #åˆ˜å®‡ #åŠ‰å®‡ #ãƒªãƒ¥ã‚¦ãƒ¦ #ë¦¬ìš°ìœ„ #à¸«à¸¥à¸´à¸§à¸­à¸§à¸µà¹ˆ #LÆ°uVÅ© #INTO1â€¦""",ReTweet,"""Twitter for iPhone""",50,0,"nhÃ  bÃ© vÅ© ",English,"""1230845762084298752""",25,jjellyloveu,"""åˆ˜å®‡ | tgcf | 188 | mdzs | Ä‘am má»¹""",Non-Verified,https://twitter.com/jjellyloveu,556,88,"21-Feb-2020 13:24:41"
"""1434893505311043588""",https://twitter.com/ToLiuyu/status/1434893505311043588,"06-Sep-2021 14:57:25","""RT @Liuyu_Fanclub: 210906 Lâ€™OrÃ©al Ã— LIU YU

You light up my day and night.ğŸ“¸

#Liuyu #INTO1Liuyu #åˆ˜å®‡ #åŠ‰å®‡ #ãƒªãƒ¥ã‚¦ãƒ¦ #ë¦¬ìš°ìœ„ #à¸«à¸¥à¸´à¸§à¸­à¸§à¸µà¹ˆ #LÆ°uVÅ© #INTO1â€¦""",ReTweet,"""Twitter for Android""",50,0,"à¸‡à¸²à¸™à¸à¸£à¸µà¸¯à¸‹à¸±à¸šà¸¥à¸¹à¸ à¸‡à¸²à¸™à¸¥à¸¹à¸ à¸­à¸¢à¸¹à¹ˆà¹ƒà¸™ â¤",English,"""1377620972044451862""",AngelToLiuyu,ToLiuyu,"""à¹à¸¡à¹ˆà¸™à¹‰à¸­à¸‡à¸›à¸¥à¸² #à¸«à¸¥à¸´à¸§à¸­à¸§à¸µà¹ˆ ğŸ¥° #åˆ˜å®‡ â¤ #LiuYu ğŸŸğŸ’™ à¸«à¸¢à¸µà¹‹à¸«à¸§à¸²à¸™ ğŸ¥ INTO1 - Center ââºË³âœ§à¼šğŸŒŠâŸ¡ Ì«ğŸŸ
ê”› â‹†ğŸ ËËŠË—""",Non-Verified,https://twitter.com/ToLiuyu,543,162,"01-Apr-2021 13:56:59"
"""1434893033602912257""",https://twitter.com/kimibeuu/status/1434893033602912257,"06-Sep-2021 14:55:32","""RT @Liuyu_Fanclub: 210906 Lâ€™OrÃ©al Ã— LIU YU

You light up my day and night.ğŸ“¸

#Liuyu #INTO1Liuyu #åˆ˜å®‡ #åŠ‰å®‡ #ãƒªãƒ¥ã‚¦ãƒ¦ #ë¦¬ìš°ìœ„ #à¸«à¸¥à¸´à¸§à¸­à¸§à¸µà¹ˆ #LÆ°uVÅ© #INTO1â€¦""",ReTweet,"""Twitter for iPad""",50,0,"Your heart",English,"""728902726902390784""",kimibeu,kimibeuu,"""920921 | TEN | artwork #kimibeu | ğŸ‹ğŸ‡""",Non-Verified,https://twitter.com/kimibeuu,208,533,"07-May-2016 11:02:07"
"""1434893003345182721""",https://twitter.com/nnn_2709/status/1434893003345182721,"06-Sep-2021 14:55:25","""RT @Liuyu_Fanclub: 210906 Lâ€™OrÃ©al Ã— LIU YU

You light up my day and night.ğŸ“¸

#Liuyu #INTO1Liuyu #åˆ˜å®‡ #åŠ‰å®‡ #ãƒªãƒ¥ã‚¦ãƒ¦ #ë¦¬ìš°ìœ„ #à¸«à¸¥à¸´à¸§à¸­à¸§à¸µà¹ˆ #LÆ°uVÅ© #INTO1â€¦""",ReTweet,"""Twitter Web App""",50,0,,English,"""1224002506667122688""",nnn279,nnn_2709,"""â€¿ï¸µâ€¿ï¸µâ€¿ï¸µà­¨ËšÌ£Ì£Ì£Í™à­§ ğ“«ğ“® ğ“ª ğ“±ğ“¾ğ“¶ğ“ªğ“·à­¨ËšÌ£Ì£Ì£Í™à­§â€¿ï¸µâ€¿ï¸µâ€¿ï¸µ""",Non-Verified,https://twitter.com/nnn_2709,16,18,"02-Feb-2020 16:12:00"
"""1434891801282981905""",https://twitter.com/CipnesG/status/1434891801282981905,"06-Sep-2021 14:50:39","""Da #Google a #LorÃ©al, i big mondiali dell'economia si sfidano a #Portocervo, in #Costasmeralda, nella 31esima edizione della #Maxiyachtrolexcup. Vediamo perchÃ© l'#economiadelmare Ã¨ fondamentale per il futuro della #Gallura â© https://t.co/UqSFyN4KAj https://t.co/0daBEcuLrg""",Tweet,"""Twitter Web App""",0,0,Olbia,Italian,"""1197559478461386757""","Cipnes Gallura",CipnesG,"""Il Cipnes Ã¨ lâ€™ente pubblico per loÂ sviluppo economicoÂ della Gallura""",Non-Verified,https://twitter.com/CipnesG,24,64,"21-Nov-2019 16:57:17"
"""1434890641243213829""",https://twitter.com/ador_in/status/1434890641243213829,"06-Sep-2021 14:46:02","""RT @Liuyu_Fanclub: 210906 Lâ€™OrÃ©al Ã— LIU YU

You light up my day and night.ğŸ“¸

#Liuyu #INTO1Liuyu #åˆ˜å®‡ #åŠ‰å®‡ #ãƒªãƒ¥ã‚¦ãƒ¦ #ë¦¬ìš°ìœ„ #à¸«à¸¥à¸´à¸§à¸­à¸§à¸µà¹ˆ #LÆ°uVÅ© #INTO1â€¦""",ReTweet,"""Twitter for iPhone""",50,0,"California, USA",English,"""742943334268862465""",SediaoIroai,ador_in,"""JayPark/HuangZitao/HuaChenyu/TheRampagefromExileTribe/LiuYu/GenshinImpact/cdrama/kdrama.""",Non-Verified,https://twitter.com/ador_in,44,104,"15-Jun-2016 04:54:28"
"""1434890462444154884""",https://twitter.com/blynk_kp/status/1434890462444154884,"06-Sep-2021 14:45:19","""RT @Liuyu_Fanclub: 210906 Lâ€™OrÃ©al Ã— LIU YU

You light up my day and night.ğŸ“¸

#Liuyu #INTO1Liuyu #åˆ˜å®‡ #åŠ‰å®‡ #ãƒªãƒ¥ã‚¦ãƒ¦ #ë¦¬ìš°ìœ„ #à¸«à¸¥à¸´à¸§à¸­à¸§à¸µà¹ˆ #LÆ°uVÅ© #INTO1â€¦""",ReTweet,"""Twitter for Android""",50,0,,English,"""1391324589712576512""",â˜†å½°å®‡â˜†ğŸ¦†ğŸŸ~.â€¢Â°â™¡Â°â€¢.~,blynk_kp,"""ğˆğğ“ğğŸ | AKåˆ˜å½° â€¢ åˆ˜å®‡""",Non-Verified,https://twitter.com/blynk_kp,3,141,"09-May-2021 09:30:21"
"""1434888032331579392""",https://twitter.com/moneycontrolcom/status/1434888032331579392,"06-Sep-2021 14:35:40","""#LOrÃ©al India has appointed Gaurav Anand as its chief digital &amp; marketing officer. This newly created role brings together the #Digital  &amp; #marketing efforts of the company to focus on the consumer journey. 

Reported by @BrandStoryboard
https://t.co/I4m5ncHk4w 

#Advertising""",Tweet,"""Twitter Web App""",0,1,Mumbai,English,"""68927629""",moneycontrol,moneycontrolcom,"""Moneycontrol is Indiaâ€™s No. 1 financial portal. Tune in for breaking news, in-depth analyses, best investment tools. Get #MCPro for exclusive content & benefits""",Verified,https://twitter.com/moneycontrolcom,1171252,312,"26-Aug-2009 07:55:29"
"""1434888005181837312""",https://twitter.com/angellu1013/status/1434888005181837312,"06-Sep-2021 14:35:34","""RT @Liuyu_Fanclub: 210906 Lâ€™OrÃ©al Ã— LIU YU

You light up my day and night.ğŸ“¸

#Liuyu #INTO1Liuyu #åˆ˜å®‡ #åŠ‰å®‡ #ãƒªãƒ¥ã‚¦ãƒ¦ #ë¦¬ìš°ìœ„ #à¸«à¸¥à¸´à¸§à¸­à¸§à¸µà¹ˆ #LÆ°uVÅ© #INTO1â€¦""",ReTweet,"""Twitter for Android""",50,0,,English,"""1383795789487505408""",Angellu1013,angellu1013,"""""",Non-Verified,https://twitter.com/angellu1013,0,6,"18-Apr-2021 14:53:34"
"""1434886498948685828""",https://twitter.com/jeannick_odier/status/1434886498948685828,"06-Sep-2021 14:29:34","""RT @GallantNicolas1: ğŸ“ˆ#Loreal : Jean-Paul #Agon a vendu pour des millions d'euros d'#actions. OÃ¹ vont les #actions, en #bourse ?

âœï¸ Retrouâ€¦""",ReTweet,"""Twitter Web App""",2,0,"Royaume du Maroc",French,"""3179555459""",jeannick_odier,jeannick_odier,"""Ex professeur de #relations #internationales et #Ã©crivain,j'aime les #news, #voyages #livres,#fÃ©lins ğŸ˜""",Non-Verified,https://twitter.com/jeannick_odier,12330,8369,"18-Apr-2015 13:48:17"
"""1434886142147457025""",https://twitter.com/NvrjBhKKJqFjRUc/status/1434886142147457025,"06-Sep-2021 14:28:09","""RT @Liuyu_Fanclub: 210906 Lâ€™OrÃ©al Ã— LIU YU

You light up my day and night.ğŸ“¸

#Liuyu #INTO1Liuyu #åˆ˜å®‡ #åŠ‰å®‡ #ãƒªãƒ¥ã‚¦ãƒ¦ #ë¦¬ìš°ìœ„ #à¸«à¸¥à¸´à¸§à¸­à¸§à¸µà¹ˆ #LÆ°uVÅ© #INTO1â€¦""",ReTweet,"""Twitter for Android""",50,0,,English,"""1289158777212567552""","à¸„à¸µà¸à¹€à¸”à¸µà¹ˆà¸¢à¸§à¸ˆà¹‰à¸² à¹€à¸¡à¸™à¸«à¸¥à¸´à¸§à¸­à¸§à¸µà¹ˆà¹„à¸¡à¹ˆà¹ƒà¸Šà¹ˆ à¸­à¸‹à¸”. à¹€à¸›à¹‡à¸™à¸«à¸¢à¸µà¹‹à¸«à¸§à¸²à¸™",NvrjBhKKJqFjRUc,"""à¹à¸­à¸„à¸™à¸µà¹‰à¹€à¸™à¹‰à¸™à¸£à¸µà¹€à¸¡à¸™à¸«à¸™à¸±à¸à¸¡à¸²à¸!!! à¸‹à¸¶à¹ˆà¸‡à¹€à¸¡à¸™à¹€à¸£à¸²à¸„à¸·à¸­à¸«à¸¥à¸´à¸§à¸­à¸§à¸µà¹ˆ 
ğŸŸÂ©ï¸ à¸›à¸¥. à¸Šà¸´à¸›à¸™à¹‰à¸­à¸‡à¸«à¸¥à¸´à¸§à¸—à¸¸à¸à¹‚à¸ à¸Šà¸­à¸šALLXLIU à¹€à¸£à¸²à¸„à¸µà¸à¹€à¸”à¸µà¹ˆà¸¢à¸§à¸”à¹‰à¸§à¸¢!!! à¹„à¸¡à¹ˆà¹ƒà¸Šà¹ˆà¸­à¸‹à¸”.à¸™à¸° à¹€à¸›à¹‡à¸™à¸«à¸¢à¸µà¹‹à¸«à¸§à¸²à¸™à¸ˆà¹‰à¸²~~""",Non-Verified,https://twitter.com/NvrjBhKKJqFjRUc,41,31,"31-Jul-2020 11:19:55"
"""1434885488737800195""",https://twitter.com/Aimeelin7/status/1434885488737800195,"06-Sep-2021 14:25:34","""RT @Liuyu_Fanclub: 210906 Lâ€™OrÃ©al Ã— LIU YU

You light up my day and night.ğŸ“¸

#Liuyu #INTO1Liuyu #åˆ˜å®‡ #åŠ‰å®‡ #ãƒªãƒ¥ã‚¦ãƒ¦ #ë¦¬ìš°ìœ„ #à¸«à¸¥à¸´à¸§à¸­à¸§à¸µà¹ˆ #LÆ°uVÅ© #INTO1â€¦""",ReTweet,"""Twitter Web App""",50,0,Taiwan,English,"""940434153119481856""",ğŸ¦ˆğŸ’ğŸ³,Aimeelin7,"""""",Non-Verified,https://twitter.com/Aimeelin7,57,34,"12-Dec-2017 04:12:29"
"""1434884356439351301""",https://twitter.com/maki01368059/status/1434884356439351301,"06-Sep-2021 14:21:04","""RT @Liuyu_Fanclub: 210906 Lâ€™OrÃ©al Ã— LIU YU

You light up my day and night.ğŸ“¸

#Liuyu #INTO1Liuyu #åˆ˜å®‡ #åŠ‰å®‡ #ãƒªãƒ¥ã‚¦ãƒ¦ #ë¦¬ìš°ìœ„ #à¸«à¸¥à¸´à¸§à¸­à¸§à¸µà¹ˆ #LÆ°uVÅ© #INTO1â€¦""",ReTweet,"""Twitter for Android""",50,0,,English,"""1228508976024715265""",ğŸ‘makiğŸŒ ,maki01368059,"""ğŸŒ»ğŸ‘ğŸŒ """,Non-Verified,https://twitter.com/maki01368059,20,277,"15-Feb-2020 02:39:09"
"""1434884133428207616""",https://twitter.com/lar_shukhlain/status/1434884133428207616,"06-Sep-2021 14:20:10","""RT @Liuyu_Fanclub: 210906 Lâ€™OrÃ©al Ã— LIU YU

You light up my day and night.ğŸ“¸

#Liuyu #INTO1Liuyu #åˆ˜å®‡ #åŠ‰å®‡ #ãƒªãƒ¥ã‚¦ãƒ¦ #ë¦¬ìš°ìœ„ #à¸«à¸¥à¸´à¸§à¸­à¸§à¸µà¹ˆ #LÆ°uVÅ© #INTO1â€¦""",ReTweet,"""Twitter for Android""",50,0,,English,"""1081212202151890944""","â¤ï¸ XZğŸ°â¤ï¸ğŸ’™LiuYuğŸŸğŸ’™",lar_shukhlain,"""â™¥ï¸à¹€à¸¡à¸™à¸à¸µà¹ˆà¸ˆà¹‰à¸²à¸™ğŸ°#à¹€à¸‹à¸µà¸¢à¸§à¸ˆà¹‰à¸²à¸™ #XiaoZhan  ğŸ§¡à¹€à¸¡à¸™à¸à¸µà¹ˆà¸ªà¸´à¸‡ğŸ¦ #à¸ªà¸´à¸‡à¹‚à¸•à¸›à¸£à¸²à¸Šà¸à¸² #SingtoPrachaya ğŸ’™à¸¡à¸±à¸¡à¸¡à¸µà¹Šà¸‚à¸­à¸‡à¸™à¹‰à¸­à¸‡à¸«à¸¥à¸´à¸§ğŸŸ #à¸«à¸¥à¸´à¸§à¸­à¸§à¸µà¹ˆ  #LiuYu  #INTO1LiuYu à¸Šà¸­à¸šà¹à¸¥à¸°à¹€à¸­à¹‡à¸™à¸”à¸¹à¸—à¸¸à¸à¸„à¸™à¹ƒà¸™à¸§à¸‡ #INTO1""",Non-Verified,https://twitter.com/lar_shukhlain,181,524,"04-Jan-2019 15:34:11"
"""1434883171124973572""",https://twitter.com/Kurumi25012004/status/1434883171124973572,"06-Sep-2021 14:16:21","""RT @Liuyu_Fanclub: 210906 Lâ€™OrÃ©al Ã— LIU YU

You light up my day and night.ğŸ“¸

#Liuyu #INTO1Liuyu #åˆ˜å®‡ #åŠ‰å®‡ #ãƒªãƒ¥ã‚¦ãƒ¦ #ë¦¬ìš°ìœ„ #à¸«à¸¥à¸´à¸§à¸­à¸§à¸µà¹ˆ #LÆ°uVÅ© #INTO1â€¦""",ReTweet,"""Twitter for Android""",50,0,,English,"""2340074688""",ğŸ€â»â¥à¼ºğ“šğ“®ğ“µğ“µğ”‚à¼»â»â¥ğŸ€,Kurumi25012004,"""Hi ! I'm VIP OT5,Superm Fan,EXO-L OT12,INsider,NEWS&Koki's Fan,May,To Moon & Atiny Iâ™¡Animes,Drawing,Photography, Music,Horror & Games. My birthday:25 January ğŸ˜""",Non-Verified,https://twitter.com/Kurumi25012004,484,3416,"12-Feb-2014 09:54:26"
"""1434882773890879489""",https://twitter.com/hhkv231/status/1434882773890879489,"06-Sep-2021 14:14:46","""RT @Liuyu_Fanclub: 210906 Lâ€™OrÃ©al Ã— LIU YU

You light up my day and night.ğŸ“¸

#Liuyu #INTO1Liuyu #åˆ˜å®‡ #åŠ‰å®‡ #ãƒªãƒ¥ã‚¦ãƒ¦ #ë¦¬ìš°ìœ„ #à¸«à¸¥à¸´à¸§à¸­à¸§à¸µà¹ˆ #LÆ°uVÅ© #INTO1â€¦""",ReTweet,"""Twitter for iPhone""",50,0,"United States",English,"""279088792""",Vyyy,hhkv231,"""âœ¨å†éå±±æ²³ï¼Œåˆ˜å®‡å€¼å¾—âœ¨""",Non-Verified,https://twitter.com/hhkv231,200,118,"08-Apr-2011 15:23:15"
"""1434882715170402307""",https://twitter.com/ZeeAiw99/status/1434882715170402307,"06-Sep-2021 14:14:32","""RT @Liuyu_Fanclub: 210906 Lâ€™OrÃ©al Ã— LIU YU

You light up my day and night.ğŸ“¸

#Liuyu #INTO1Liuyu #åˆ˜å®‡ #åŠ‰å®‡ #ãƒªãƒ¥ã‚¦ãƒ¦ #ë¦¬ìš°ìœ„ #à¸«à¸¥à¸´à¸§à¸­à¸§à¸µà¹ˆ #LÆ°uVÅ© #INTO1â€¦""",ReTweet,"""Twitter for iPhone""",50,0,à¸›à¸£à¸°à¹€à¸—à¸¨à¹„à¸—à¸¢,English,"""2331929148""","z.ixix ğŸ’",ZeeAiw99,"""à¸™à¹‰à¸­à¸™à¸™à¸²à¸¢à¹€à¸›à¹‡à¸™à¸„à¸™à¹à¸£à¸à¸—à¸µà¹ˆà¸—à¸³à¹ƒà¸«à¹‰à¹à¸—à¸™à¸•à¸±à¸§à¹€à¸­à¸‡à¸§à¹ˆà¸²à¸¡à¸µà¹Š à¸¥à¸¹à¸à¹à¸¡à¹ˆ!!!""",Non-Verified,https://twitter.com/ZeeAiw99,72,1211,"07-Feb-2014 14:17:13"
"""1434881582733594630""",https://twitter.com/Brandkloud/status/1434881582733594630,"06-Sep-2021 14:10:02","""Deanna Galli likes review #LOreal #Lush #YvesRocherFrance #Deborah #GemeyMaybelli https://t.co/L1MRE5NrJz https://t.co/xW70hLdDX0""",Tweet,"""Brandkloud""",0,0,"Celbridge Co. Kildare",English,"""1639962966""",Brandkloud,Brandkloud,"""Make Friends with Brands""",Non-Verified,https://twitter.com/Brandkloud,259,205,"02-Aug-2013 08:56:17"
"""1434881151902969860""",https://twitter.com/PimPat_2545/status/1434881151902969860,"06-Sep-2021 14:08:20","""RT @Liuyu_Fanclub: 210906 Lâ€™OrÃ©al Ã— LIU YU

You light up my day and night.ğŸ“¸

#Liuyu #INTO1Liuyu #åˆ˜å®‡ #åŠ‰å®‡ #ãƒªãƒ¥ã‚¦ãƒ¦ #ë¦¬ìš°ìœ„ #à¸«à¸¥à¸´à¸§à¸­à¸§à¸µà¹ˆ #LÆ°uVÅ© #INTO1â€¦""",ReTweet,"""Twitter for iPad""",50,0,,English,"""958316636213149701""",PimPatğŸŸ,PimPat_2545,"""""",Non-Verified,https://twitter.com/PimPat_2545,5,23,"30-Jan-2018 12:31:05"
"""1434880909384171523""",https://twitter.com/into1_liuyu_/status/1434880909384171523,"06-Sep-2021 14:07:22","""RT @Liuyu_Fanclub: 210906 Lâ€™OrÃ©al Ã— LIU YU

You light up my day and night.ğŸ“¸

#Liuyu #INTO1Liuyu #åˆ˜å®‡ #åŠ‰å®‡ #ãƒªãƒ¥ã‚¦ãƒ¦ #ë¦¬ìš°ìœ„ #à¸«à¸¥à¸´à¸§à¸­à¸§à¸µà¹ˆ #LÆ°uVÅ© #INTO1â€¦""",ReTweet,"""Twitter for iPhone""",50,0,,English,"""1370750765334032385""","Bai / CDrama ğŸ“Œ",into1_liuyu_,"""INTO1 - Chinese Drama - Chuang â¤ï¸ Penulis / Surveyor""",Non-Verified,https://twitter.com/into1_liuyu_,121,36,"13-Mar-2021 14:57:16"
"""1434880380360822787""",https://twitter.com/pockybb_b/status/1434880380360822787,"06-Sep-2021 14:05:16","""RT @Liuyu_Fanclub: 210906 Lâ€™OrÃ©al Ã— LIU YU

You light up my day and night.ğŸ“¸

#Liuyu #INTO1Liuyu #åˆ˜å®‡ #åŠ‰å®‡ #ãƒªãƒ¥ã‚¦ãƒ¦ #ë¦¬ìš°ìœ„ #à¸«à¸¥à¸´à¸§à¸­à¸§à¸µà¹ˆ #LÆ°uVÅ© #INTO1â€¦""",ReTweet,"""Twitter for iPhone""",50,0,"minj doten jaeten jaewin yuwin",English,"""854342345797414912""",à¸›à¸²à¹‚à¸­à¹‹à¸›à¸²à¹‚à¸­à¹ˆğŸŒ™ğŸ’«,pockybb_b,"""à¹‚à¸¥à¸à¸«à¸¡à¸¸à¸™à¸£à¸­à¸šà¸•à¸±à¸§à¸¡à¸¶à¸‡à¸¡à¸±à¹‰à¸‡ à¸­à¸´à¸„à¸§à¸²à¸¢""",Non-Verified,https://twitter.com/pockybb_b,63,178,"18-Apr-2017 14:34:22"
"""1434879849680674822""",https://twitter.com/narciss30525740/status/1434879849680674822,"06-Sep-2021 14:03:09","""RT @Liuyu_Fanclub: 210906 Lâ€™OrÃ©al Ã— LIU YU

You light up my day and night.ğŸ“¸

#Liuyu #INTO1Liuyu #åˆ˜å®‡ #åŠ‰å®‡ #ãƒªãƒ¥ã‚¦ãƒ¦ #ë¦¬ìš°ìœ„ #à¸«à¸¥à¸´à¸§à¸­à¸§à¸µà¹ˆ #LÆ°uVÅ© #INTO1â€¦""",ReTweet,"""Twitter for iPhone""",50,0,,English,"""1208729701298003969""",narcissa,narciss30525740,"""""",Non-Verified,https://twitter.com/narciss30525740,0,81,"22-Dec-2019 12:43:23"
"""1434879382112256007""",https://twitter.com/QKfhDHiKTUu5iTa/status/1434879382112256007,"06-Sep-2021 14:01:18","""RT @Liuyu_Fanclub: 210906 Lâ€™OrÃ©al Ã— LIU YU

You light up my day and night.ğŸ“¸

#Liuyu #INTO1Liuyu #åˆ˜å®‡ #åŠ‰å®‡ #ãƒªãƒ¥ã‚¦ãƒ¦ #ë¦¬ìš°ìœ„ #à¸«à¸¥à¸´à¸§à¸­à¸§à¸µà¹ˆ #LÆ°uVÅ© #INTO1â€¦""",ReTweet,"""Twitter for Android""",50,0,,English,"""1403032594313224194""",à¹à¸¡à¸§à¸™à¹‰à¸­à¸¢,QKfhDHiKTUu5iTa,"""à¹ƒà¸ˆà¹€à¸›à¹‡à¸™à¸à¸¥à¸²à¸‡""",Non-Verified,https://twitter.com/QKfhDHiKTUu5iTa,5,101,"10-Jun-2021 16:56:38"
"""1434879053203345412""",https://twitter.com/liuyu_824/status/1434879053203345412,"06-Sep-2021 13:59:59","""RT @Liuyu_Fanclub: 210906 Lâ€™OrÃ©al Ã— LIU YU

You light up my day and night.ğŸ“¸

#Liuyu #INTO1Liuyu #åˆ˜å®‡ #åŠ‰å®‡ #ãƒªãƒ¥ã‚¦ãƒ¦ #ë¦¬ìš°ìœ„ #à¸«à¸¥à¸´à¸§à¸­à¸§à¸µà¹ˆ #LÆ°uVÅ© #INTO1â€¦""",ReTweet,"""Twitter for Android""",50,0,"Yuwans ",English,"""927539998135500801""",Aori,liuyu_824,"""ğŸ’™ INTO1 é˜Ÿé•¿ & Center åˆ˜å®‡ ğŸ’™ 
                             Fansite Permission : MONOPOLY0824_åˆ˜å®‡,Medianerasä¸¨åˆ˜å®‡ä¸ªç«™,FlippedÂ·åˆ˜å®‡0824,è“é²¸0824Â·åˆ˜å®‡,æ…µæ‡’_LiuYu, é‡è§æ˜¥å¤©Â·åˆ˜å®‡""",Non-Verified,https://twitter.com/liuyu_824,1635,635,"06-Nov-2017 14:15:43"
"""1434878835468607499""",https://twitter.com/PsAllof/status/1434878835468607499,"06-Sep-2021 13:59:07","""RT @Liuyu_Fanclub: 210906 Lâ€™OrÃ©al Ã— LIU YU

You light up my day and night.ğŸ“¸

#Liuyu #INTO1Liuyu #åˆ˜å®‡ #åŠ‰å®‡ #ãƒªãƒ¥ã‚¦ãƒ¦ #ë¦¬ìš°ìœ„ #à¸«à¸¥à¸´à¸§à¸­à¸§à¸µà¹ˆ #LÆ°uVÅ© #INTO1â€¦""",ReTweet,"""Twitter for Android""",50,0,,English,"""1071380655324327936""",LOEYâ™¡,PsAllof,"""ğŸ–¤| 
à¸”à¹‰à¸­à¸¡25 | à¸«à¸¥à¸´à¸§à¸­à¸§à¸µà¹ˆ à¸™à¹‰à¸­à¸‡à¸™à¸²à¸¢ à¹€à¸„à¸­à¸­à¸§à¸µà¹ˆ â¥| INTO1â™¡""",Non-Verified,https://twitter.com/PsAllof,148,400,"08-Dec-2018 12:27:08"
"""1434878521638207490""",https://twitter.com/FourKhemjira/status/1434878521638207490,"06-Sep-2021 13:57:52","""RT @Liuyu_Fanclub: 210906 Lâ€™OrÃ©al Ã— LIU YU

You light up my day and night.ğŸ“¸

#Liuyu #INTO1Liuyu #åˆ˜å®‡ #åŠ‰å®‡ #ãƒªãƒ¥ã‚¦ãƒ¦ #ë¦¬ìš°ìœ„ #à¸«à¸¥à¸´à¸§à¸­à¸§à¸µà¹ˆ #LÆ°uVÅ© #INTO1â€¦""",ReTweet,"""Twitter for Android""",50,0,,English,"""1152867753071562754""",â€¢~â€¢Darlene.ğŸ ğŸŸ,FourKhemjira,"""à¸„à¸µà¸à¹€à¸¡à¸™|à¸„à¸µà¸à¸­à¸±à¸™à¸”à¸±à¸š|à¸„à¸µà¸à¸«à¸¥à¸´à¸§à¸­à¸§à¸µà¹ˆ|à¸„à¸µà¸à¹€à¸„à¸­à¸«à¸¥à¸´à¸§ğŸ ğŸŸ
à¸«à¸¥à¸´à¸§à¸­à¸§à¸µà¹ˆà¸›à¸±à¸”à¸‚à¸§à¸²â¤ï¸ à¹„à¸¡à¹ˆà¸£à¸±à¸šà¸„à¸§à¸²à¸¡à¹€à¸«à¹‡à¸™à¸•à¹ˆà¸²à¸‡ğŸ¤­""",Non-Verified,https://twitter.com/FourKhemjira,13,33,"21-Jul-2019 09:07:46"
"""1434878110894280706""",https://twitter.com/GallantNicolas1/status/1434878110894280706,"06-Sep-2021 13:56:15","""ğŸ“ˆ#Loreal : Jean-Paul #Agon a vendu pour des millions d'euros d'#actions. OÃ¹ vont les #actions, en #bourse ?

âœï¸ Retrouvez notre analyse dans @Momentum_Bourse , de @MagazineCapital 

Pour sâ€™abonner https://t.co/xSNtXloThW Un mois d'essai gratuit avec le code promo CAPITAL30J https://t.co/jF6bBpwyiP""",Tweet,"""Twitter Web App""",2,0,"Yvelines, Ile-de-France",French,"""1167007483929550848""","Nicolas Gallant",GallantNicolas1,"""CrÃ©ateur de Momentum https://t.co/yMJle90L6H Ã  @MagazineCapital , newsletter de conseils (bourse, or, Crypto...), d'#AnalyseTechnique et financiÃ¨re. CFTe @Afatenews""",Verified,https://twitter.com/GallantNicolas1,1027,45,"29-Aug-2019 09:34:45"
"""1434876832717819904""",https://twitter.com/mynattida/status/1434876832717819904,"06-Sep-2021 13:51:10","""RT @Liuyu_Fanclub: 210906 Lâ€™OrÃ©al Ã— LIU YU

You light up my day and night.ğŸ“¸

#Liuyu #INTO1Liuyu #åˆ˜å®‡ #åŠ‰å®‡ #ãƒªãƒ¥ã‚¦ãƒ¦ #ë¦¬ìš°ìœ„ #à¸«à¸¥à¸´à¸§à¸­à¸§à¸µà¹ˆ #LÆ°uVÅ© #INTO1â€¦""",ReTweet,"""Twitter for iPhone""",50,0,,English,"""1160550448073363456""","ğŸ³â€œç¾é¦™à¸­à¸¢à¸²à¸à¹€à¸›à¹‡à¸™à¸¡à¸­à¸„à¸„à¹ˆà¸²â€ ğŸ“",mynattida,"""æ¯å¤©å¼€å¿ƒå°±å¥½ #ç‹ä¸€åš #è‚–æˆ˜ #bozhan #è”¡å¾å¤ #à¸à¸µà¹ˆà¹à¸¡à¹‰à¸à¸™à¹‰à¸­à¸‡à¸“à¸ #natasitt #à¸‚à¸§à¸”à¸™à¸¡à¸‚à¸­à¸‡à¹€à¸šà¸šà¸µà¹‰à¸“à¸ #Grtsp #à¹€à¸à¸£à¸—à¸ªà¸à¸¥ #into1_nine #into1_liuyu #INTO1 #à¸«à¸¥à¸´à¸§à¸­à¸§à¸µà¹ˆà¸™à¸²à¸¢ #à¹€à¸„à¸­à¹à¸à¸—""",Non-Verified,https://twitter.com/mynattida,54,203,"11-Aug-2019 13:56:03"
"""1434875722896531458""",https://twitter.com/pim_pr1m/status/1434875722896531458,"06-Sep-2021 13:46:45","""RT @Liuyu_Fanclub: 210906 Lâ€™OrÃ©al Ã— LIU YU

You light up my day and night.ğŸ“¸

#Liuyu #INTO1Liuyu #åˆ˜å®‡ #åŠ‰å®‡ #ãƒªãƒ¥ã‚¦ãƒ¦ #ë¦¬ìš°ìœ„ #à¸«à¸¥à¸´à¸§à¸­à¸§à¸µà¹ˆ #LÆ°uVÅ© #INTO1â€¦""",ReTweet,"""Twitter for Android""",50,0,ğŸ“ğŸŸ,English,"""1387651797850890240""","à¸à¸£à¸´à¸¡ nnlyzky",pim_pr1m,"""nenevader âœŠğŸ» #à¹€à¸™à¹€à¸™à¹ˆ neneæ³°å›½ç”œç¾ & åˆ˜å®‡å°ç”œC ğŸ’™ #LiuYu

one and only cp in bbg303 #à¸«à¸™à¹ˆà¸²à¸¢à¸‹à¸µ ğŸ‘‘ğŸ¼

spc. #2yu #à¹€à¸„à¸­à¸«à¸¥à¸´à¸§ only ğŸŸğŸ """,Non-Verified,https://twitter.com/pim_pr1m,33,84,"29-Apr-2021 06:16:47"
"""1434875058069983243""",https://twitter.com/mkw205/status/1434875058069983243,"06-Sep-2021 13:44:07","""RT @Liuyu_Fanclub: 210906 Lâ€™OrÃ©al Ã— LIU YU

You light up my day and night.ğŸ“¸

#Liuyu #INTO1Liuyu #åˆ˜å®‡ #åŠ‰å®‡ #ãƒªãƒ¥ã‚¦ãƒ¦ #ë¦¬ìš°ìœ„ #à¸«à¸¥à¸´à¸§à¸­à¸§à¸µà¹ˆ #LÆ°uVÅ© #INTO1â€¦""",ReTweet,"""Twitter Web App""",50,0,,English,"""1197887728869789697""","Nâš™ï¸âš™ï¸K ğŸ»ğŸ’™ğŸ­",mkw205,"""ğŸ’™ğŸ’™ğŸ’™#à¸„à¸¸à¸“à¸«à¸™à¸¹à¸‚à¸µà¹‰à¸­à¸²à¸¢à¸à¸±à¸šà¸„à¸¸à¸“à¸Šà¸²à¸¢à¹€à¸ˆà¹‰à¸²à¸Šà¸¹à¹‰ #OhmFluke #Myblue""",Non-Verified,https://twitter.com/mkw205,58,111,"22-Nov-2019 14:41:20"
"""1434874779127873540""",https://twitter.com/QiuyaNate/status/1434874779127873540,"06-Sep-2021 13:43:00","""RT @Liuyu_Fanclub: 210906 Lâ€™OrÃ©al Ã— LIU YU

You light up my day and night.ğŸ“¸

#Liuyu #INTO1Liuyu #åˆ˜å®‡ #åŠ‰å®‡ #ãƒªãƒ¥ã‚¦ãƒ¦ #ë¦¬ìš°ìœ„ #à¸«à¸¥à¸´à¸§à¸­à¸§à¸µà¹ˆ #LÆ°uVÅ© #INTO1â€¦""",ReTweet,"""Twitter for iPhone""",50,0,,English,"""447881142""","Nate à¸à¸£à¹‰à¸­à¸¡à¸­à¸±à¸à¹€à¸à¸£à¸”à¹€à¸›à¹‡à¸™ ğŸ¦ˆ/GOAT Yuzuâ›¸",QiuyaNate,"""XJapan~TVfXQ~KAT-TUNğŸ§ææ˜“å³°ğŸˆé©¬å¤©å®‡ğŸ§ğŸ»â€â™‚ï¸ç¾½ç”Ÿçµå¼¦â›¸BamğŸç‘œæ´²ğŸ³ğŸ˜¼æ¥“ç¨³ğŸ•¶KristğŸ¢9%è¾²è¾²~ è‚–æˆ˜ğŸ‡é™ˆå“ç’‡ğŸ’‹åˆ˜å®‡ğŸŸINTO1_OT11ğŸ‘€à¸­à¸­à¸¥à¸«à¸¥à¸´à¸§ğŸ›³I'm feeling good now.dont worry about me~""",Non-Verified,https://twitter.com/QiuyaNate,1201,665,"27-Dec-2011 11:00:36"
"""1434874008550342658""",https://twitter.com/i_shi_i_ki/status/1434874008550342658,"06-Sep-2021 13:39:56","""RT @Liuyu_Fanclub: 210906 Lâ€™OrÃ©al Ã— LIU YU

You light up my day and night.ğŸ“¸

#Liuyu #INTO1Liuyu #åˆ˜å®‡ #åŠ‰å®‡ #ãƒªãƒ¥ã‚¦ãƒ¦ #ë¦¬ìš°ìœ„ #à¸«à¸¥à¸´à¸§à¸­à¸§à¸µà¹ˆ #LÆ°uVÅ© #INTO1â€¦""",ReTweet,"""Twitter for iPhone""",50,0,,English,"""2687520877""",iShiki_V,i_shi_i_ki,"""à¹€à¸¡à¸™ #Sungmin,#Sungjong,#Ljoe,#Ren,#Xiumin,#BamBam,#V,#jinhwan,#kame,#wangyuan,#Seungkwan,#yaowang,#parkjihoon, #JeongIn, #LiQuanzhe,#kimwoosoek, #XiaoZhan""",Non-Verified,https://twitter.com/i_shi_i_ki,96,916,"28-Jul-2014 13:10:01"
"""1434873817143275523""",https://twitter.com/PfBY41vlXWBvJ05/status/1434873817143275523,"06-Sep-2021 13:39:11","""RT @Liuyu_Fanclub: 210906 Lâ€™OrÃ©al Ã— LIU YU

You light up my day and night.ğŸ“¸

#Liuyu #INTO1Liuyu #åˆ˜å®‡ #åŠ‰å®‡ #ãƒªãƒ¥ã‚¦ãƒ¦ #ë¦¬ìš°ìœ„ #à¸«à¸¥à¸´à¸§à¸­à¸§à¸µà¹ˆ #LÆ°uVÅ© #INTO1â€¦""",ReTweet,"""Twitter for iPhone""",50,0,,English,"""1387714339365261313""",å±±æ¥¼,PfBY41vlXWBvJ05,"""just like åˆ˜å®‡ é›·bfzyï¼Œjycqï¼Œhdy""",Non-Verified,https://twitter.com/PfBY41vlXWBvJ05,16,18,"29-Apr-2021 10:24:26"
"""1434873728156848128""",https://twitter.com/henry56510703/status/1434873728156848128,"06-Sep-2021 13:38:50","""RT @Liuyu_Fanclub: 210906 Lâ€™OrÃ©al Ã— LIU YU

You light up my day and night.ğŸ“¸

#Liuyu #INTO1Liuyu #åˆ˜å®‡ #åŠ‰å®‡ #ãƒªãƒ¥ã‚¦ãƒ¦ #ë¦¬ìš°ìœ„ #à¸«à¸¥à¸´à¸§à¸­à¸§à¸µà¹ˆ #LÆ°uVÅ© #INTO1â€¦""",ReTweet,"""Twitter for iPhone""",50,0,,English,"""1400091220899106831""",ly_yyds,henry56510703,"""Everything will be ok. I'll always be there for you. Wishing you all the best - LiuYu""",Non-Verified,https://twitter.com/henry56510703,25,64,"02-Jun-2021 14:06:50"
"""1434872137001537539""",https://twitter.com/AllaboutpagentT/status/1434872137001537539,"06-Sep-2021 13:32:30","""RT @Liuyu_Fanclub: 210906 Lâ€™OrÃ©al Ã— LIU YU

You light up my day and night.ğŸ“¸

#Liuyu #INTO1Liuyu #åˆ˜å®‡ #åŠ‰å®‡ #ãƒªãƒ¥ã‚¦ãƒ¦ #ë¦¬ìš°ìœ„ #à¸«à¸¥à¸´à¸§à¸­à¸§à¸µà¹ˆ #LÆ°uVÅ© #INTO1â€¦""",ReTweet,"""Twitter for iPhone""",50,0,,English,"""1196797004027793408""","III à¸¡à¸°à¸¡à¸´à¹Šà¸—à¸µà¹ˆà¸™à¸¸à¹ˆà¸¡à¸Ÿà¸¹à¸§~ ğŸŒğŸŒ»",AllaboutpagentT,"""**à¸­à¹ˆà¸²à¸™à¸à¹ˆà¸­à¸™à¸Ÿà¸­à¸¥** à¸šà¹‰à¸²à¸™à¸²à¸‡à¸‡à¸²à¸¡-à¸­à¸´à¸™à¸à¸²à¸£à¹€à¸¡à¸·à¸­à¸‡-à¸›à¸£à¸²à¸”à¹€à¸›à¸£à¸·à¹ˆà¸­à¸‡à¹€à¸£à¸·à¹ˆà¸­à¸‡à¸•à¸´à¹ˆà¸‡à¸œà¸¹à¹‰à¸Šà¸²à¸¢ à¸­à¸²à¸£à¸¡à¸“à¹Œà¸‚à¸¶à¹‰à¸™à¹†à¸¥à¸‡à¹†à¹€à¸«à¸¡à¸·à¸­à¸™à¸„à¸™à¸§à¸±à¸¢à¸—à¸­à¸‡ *****à¸£à¸±à¸šà¹„à¸”à¹‰à¸à¹‡à¸Ÿà¸­à¸¥ à¸£à¸±à¸šà¹„à¸¡à¹ˆà¹„à¸”à¹‰à¸à¸”à¸œà¹ˆà¸²à¸™*****""",Non-Verified,https://twitter.com/AllaboutpagentT,43,153,"19-Nov-2019 14:27:42"
"""1434871991438176271""",https://twitter.com/i_loveTFBOYS/status/1434871991438176271,"06-Sep-2021 13:31:56","""RT @Liuyu_Fanclub: 210906 Lâ€™OrÃ©al Ã— LIU YU

You light up my day and night.ğŸ“¸

#Liuyu #INTO1Liuyu #åˆ˜å®‡ #åŠ‰å®‡ #ãƒªãƒ¥ã‚¦ãƒ¦ #ë¦¬ìš°ìœ„ #à¸«à¸¥à¸´à¸§à¸­à¸§à¸µà¹ˆ #LÆ°uVÅ© #INTO1â€¦""",ReTweet,"""Twitter for iPad""",50,0,"Pathum Thani",English,"""1077924063958290432""",(SLOW)à¸ˆà¸¹à¹ˆà¹†à¸à¹‡à¸¡à¸µà¸‡à¸²à¸™à¸§à¸‡à¸„à¸·à¸­à¸‰à¸±à¸™à¸à¸±à¸™à¹„à¸›à¸„à¹ˆà¸°ğŸ¥º,i_loveTFBOYS,"""á¢Fá´á¾Yáš ğŸ§¡ï¸(Â¨`â€¢.â€¢Â´Â¨)ğŸ€ à¸„à¸µà¸à¸§à¸‡à¹€à¸¡à¸™à¸«à¸§à¸±à¸‡à¸«à¸¢à¸§à¸™ || à¸§à¸™à¹€à¸§à¸µà¸¢à¸™à¸Šà¸±à¹‰à¸™ 18F || -(Â¯`vÂ´Â¯)-ğŸŸ à¸«à¸¥à¸´à¸§à¸­à¸§à¸µà¹ˆ || à¸«à¸§à¸µà¸”à¸•à¸²à¸¡à¸«à¸™à¹‰à¸²à¸‡à¸²à¸™ || à¸–à¸™à¸±à¸”à¸£à¸µà¹à¸•à¹ˆà¸à¹‡à¸«à¸²à¹€à¸à¸·à¹ˆà¸­à¸™à¸«à¸§à¸µà¸”à¸”à¹‰à¸§à¸¢â€¼ï¸""",Non-Verified,https://twitter.com/i_loveTFBOYS,134,339,"26-Dec-2018 13:48:18"
"""1434871985033527301""",https://twitter.com/Liulucute/status/1434871985033527301,"06-Sep-2021 13:31:54","""RT @Liuyu_Fanclub: 210906 Lâ€™OrÃ©al Ã— LIU YU

You light up my day and night.ğŸ“¸

#Liuyu #INTO1Liuyu #åˆ˜å®‡ #åŠ‰å®‡ #ãƒªãƒ¥ã‚¦ãƒ¦ #ë¦¬ìš°ìœ„ #à¸«à¸¥à¸´à¸§à¸­à¸§à¸µà¹ˆ #LÆ°uVÅ© #INTO1â€¦""",ReTweet,"""Twitter for Android""",50,0,"à¹„à¸¡à¹ˆà¸£à¸±à¸šà¸¥à¸¹à¸à¹„à¸à¹Š - à¸„à¸µà¸à¸­à¸±à¸™à¸”à¸±à¸š",English,"""840608481581314049""",". ğ•¡ğ• ğ•£ğ’‡ğ’ğ’“ğŸ¥›áµ â—ğ•ƒğ•¦ğ—ğ˜¢ğ˜¯ğ”“•ğŸ„»ğ•šğ•¦ğ‘¦ğ‘¢",Liulucute,"""ê”›ğš•ğšğš‘ğšŠğš—&ğš•ğš’ğšğš¢ğš'ğšœ ğš–ğš˜ğš–ğš–ğš¢ â™¡ï¸ sehun ğšğš¡ğš˜ ot9 ft.ğš ğšğš‘ğšŠğš’ğŸŒŠ  à¹€à¸­à¹‡à¸™à¸”à¸¹à¸¥à¸¹à¸à¹€à¸‚à¸¢à¹à¸¥à¸°à¹à¸à¹Šà¸‡à¸™à¸²à¸‡à¸Ÿà¹‰à¸² 16810
#ğ™·ğšğš—ğš‘ğšŠğš— #ğ™·ğšŠğš’ğš¢ğš #ğ™±ğ™µğš‰ğšˆ #ğšŠğš•ğš•å®‡""",Non-Verified,https://twitter.com/Liulucute,778,607,"11-Mar-2017 17:00:54"
"""1434871600659062784""",https://twitter.com/DuBBlew_B/status/1434871600659062784,"06-Sep-2021 13:30:22","""RT @Liuyu_Fanclub: 210906 Lâ€™OrÃ©al Ã— LIU YU

You light up my day and night.ğŸ“¸

#Liuyu #INTO1Liuyu #åˆ˜å®‡ #åŠ‰å®‡ #ãƒªãƒ¥ã‚¦ãƒ¦ #ë¦¬ìš°ìœ„ #à¸«à¸¥à¸´à¸§à¸­à¸§à¸µà¹ˆ #LÆ°uVÅ© #INTO1â€¦""",ReTweet,"""Twitter for Android""",50,0,,English,"""912886138653728768""",DubblewğŸŸğŸ ,DuBBlew_B,"""Support : GOT7
Support MB : MARK JACKSON BAMBAM YOUNGJAE
Support : INTO1 
Support MB : LiuYu ZhouKeYu ZhangJiayuan LinMo Nine AK
Retweet only""",Non-Verified,https://twitter.com/DuBBlew_B,30,110,"27-Sep-2017 03:46:30"
"""1434871466634330119""",https://twitter.com/laiparn/status/1434871466634330119,"06-Sep-2021 13:29:50","""RT @Liuyu_Fanclub: 210906 Lâ€™OrÃ©al Ã— LIU YU

You light up my day and night.ğŸ“¸

#Liuyu #INTO1Liuyu #åˆ˜å®‡ #åŠ‰å®‡ #ãƒªãƒ¥ã‚¦ãƒ¦ #ë¦¬ìš°ìœ„ #à¸«à¸¥à¸´à¸§à¸­à¸§à¸µà¹ˆ #LÆ°uVÅ© #INTO1â€¦""",ReTweet,"""Twitter for Android""",50,0,é™ˆå“ç’‡ğŸ’”ğŸ’”,English,"""1254436253295996928""","ğ“›ğ“ªğ“²ğ“Ÿğ“ªğ“»ğ“· - ğŸ…‚ğŸ„»ğŸ„¾ğŸ…†",laiparn,"""â™¡ é™ˆå“ç’‡ â™¡ èµ–å† éœ– â™¡ å§šç› â™¡ åˆ˜å®‡ â™¡å¼ å˜‰å…ƒ â™¡ å‘¨æŸ¯å®‡ â™¡ è‚–å®‡æ¢â™¡""",Non-Verified,https://twitter.com/laiparn,170,84,"26-Apr-2020 15:44:56"
"""1434871019609591808""",https://twitter.com/xiaomocha_/status/1434871019609591808,"06-Sep-2021 13:28:04","""RT @Liuyu_Fanclub: 210906 Lâ€™OrÃ©al Ã— LIU YU

You light up my day and night.ğŸ“¸

#Liuyu #INTO1Liuyu #åˆ˜å®‡ #åŠ‰å®‡ #ãƒªãƒ¥ã‚¦ãƒ¦ #ë¦¬ìš°ìœ„ #à¸«à¸¥à¸´à¸§à¸­à¸§à¸µà¹ˆ #LÆ°uVÅ© #INTO1â€¦""",ReTweet,"""Twitter for iPad""",50,0,,English,"""1387673059201470466""","whaleliu ğŸ³",xiaomocha_,"""^O^ // à¹€à¸£à¸²à¹„à¸¡à¹ˆà¹€à¸„à¸¢à¹€à¸›à¹‡à¸™à¸—à¸µà¹ˆà¸£à¸±à¸à¹à¸¥à¸°à¸—à¸µà¹ˆà¹‚à¸›à¸£à¸”à¸›à¸£à¸²à¸“ //""",Non-Verified,https://twitter.com/xiaomocha_,131,126,"29-Apr-2021 07:40:32"
"""1434870979960786944""",https://twitter.com/ForLiuYu_TH/status/1434870979960786944,"06-Sep-2021 13:27:54","""RT @Liuyu_Fanclub: 210906 Lâ€™OrÃ©al Ã— LIU YU

You light up my day and night.ğŸ“¸

#Liuyu #INTO1Liuyu #åˆ˜å®‡ #åŠ‰å®‡ #ãƒªãƒ¥ã‚¦ãƒ¦ #ë¦¬ìš°ìœ„ #à¸«à¸¥à¸´à¸§à¸­à¸§à¸µà¹ˆ #LÆ°uVÅ© #INTO1â€¦""",ReTweet,"""Twitter for iPhone""",50,0,"24082000 â™¡",English,"""1415684804339589120""","For Liuyu TH",ForLiuYu_TH,"""Ë—ËË‹ For Liuyu TH Fans ğŸ‹ğŸ’™ Â´ËË—
ğ“‚‚ğ“¸ update and support INTO1'S CENTER #LIUYU #åˆ˜å®‡ #à¸«à¸¥à¸´à¸§à¸­à¸§à¸µà¹ˆ â¤¾Â·Ëš å°é±¼ä¸¸å’Œé²¨å§ ã‚·ï¸â™¡ï¸
ğŸš« ğƒğ¨ğ§'ğ­ ğ‘ğğ©ğ¨ğ¬ğ­ ğ„ğ¯ğğ«ğ²ğ­ğ¡ğ¢ğ§ğ  ğŸš«""",Non-Verified,https://twitter.com/ForLiuYu_TH,1390,8,"15-Jul-2021 14:49:13"
"""1434870923736203268""",https://twitter.com/leiurusly/status/1434870923736203268,"06-Sep-2021 13:27:41","""RT @Liuyu_Fanclub: 210906 Lâ€™OrÃ©al Ã— LIU YU

You light up my day and night.ğŸ“¸

#Liuyu #INTO1Liuyu #åˆ˜å®‡ #åŠ‰å®‡ #ãƒªãƒ¥ã‚¦ãƒ¦ #ë¦¬ìš°ìœ„ #à¸«à¸¥à¸´à¸§à¸­à¸§à¸µà¹ˆ #LÆ°uVÅ© #INTO1â€¦""",ReTweet,"""Twitter Web App""",50,0,"náº±m khÃ³c trong lÃ²ng åˆ˜å®‡ ",English,"""1362782044527333382""","åˆ˜å®‡ , ç¥ä½ ä¸€ç”Ÿçš„ä¹è¶£å’Œå¹³ âœ¨",leiurusly,"""S ğŸª„âœ¨ slytherin â™ only #åˆ˜å®‡ ly ğŸ¶ ä¸€ç”Ÿå¹³å®‰ï¼Œå‰ç¨‹ä¼¼é”¦ ğŸ‹ å†éå±±æ²³ï¼Œåˆ˜å®‡å€¼å¾— ğŸ’™""",Non-Verified,https://twitter.com/leiurusly,525,71,"19-Feb-2021 15:12:29"
"""1434870813878931457""",https://twitter.com/sunnieimorrison/status/1434870813878931457,"06-Sep-2021 13:27:15","""So good I had to share! Check out all the items I'm loving on @Poshmarkapp from @Spoiledinpdx2 #poshmark #fashion #style #shopmycloset #loreal #rozali #markgraham: https://t.co/HD4WDzrd3U https://t.co/BnbavR5DeN""",Tweet,"""Poshmark""",0,0,Miami,English,"""22147231""","Sunnie Morrison",sunnieimorrison,"""Director of First Class Productions,""",Non-Verified,https://twitter.com/sunnieimorrison,736,471,"27-Feb-2009 14:57:53"
"""1434870512346226690""",https://twitter.com/ZehnDreii/status/1434870512346226690,"06-Sep-2021 13:26:03","""RT @Liuyu_Fanclub: 210906 Lâ€™OrÃ©al Ã— LIU YU

You light up my day and night.ğŸ“¸

#Liuyu #INTO1Liuyu #åˆ˜å®‡ #åŠ‰å®‡ #ãƒªãƒ¥ã‚¦ãƒ¦ #ë¦¬ìš°ìœ„ #à¸«à¸¥à¸´à¸§à¸­à¸§à¸µà¹ˆ #LÆ°uVÅ© #INTO1â€¦""",ReTweet,"""Twitter for Android""",50,0,,English,"""146369607""","` à¸«à¸²à¸—à¸²à¸‡à¸­à¸­à¸à¸ˆà¸²à¸à¹€à¸¡à¸·à¸­à¸‡à¸ˆà¸µà¸™à¹„à¸¡à¹ˆà¹„à¸”à¹‰",ZehnDreii,"""ğš‚ğš„ğ™¿ğ™´ğš ğ™¹ğš„ğ™½ğ™¸ğ™¾ğš ğŸ’™ ğ™¹ğ™±ğ™¹ ğŸ’œğŸ’› ğš†ğ™°ğšˆ ğš… ğŸ’š ğ™ºğ™¸ğ™¼ ğš†ğ™¾ğ™¾ğ™±ğ™¸ğ™½ â¤ ğš‚ğ™¾ğ™½ğ™¶ ğ™¹ğ™¸ğšˆğ™°ğ™½ğ™¶ ğŸ¥ ğ™»ğ™¸ğš„ğšˆğš„ ğŸ‹""",Non-Verified,https://twitter.com/ZehnDreii,368,652,"21-May-2010 07:48:19"
"""1434870445568835593""",https://twitter.com/lavieenwhale/status/1434870445568835593,"06-Sep-2021 13:25:47","""RT @Liuyu_Fanclub: 210906 Lâ€™OrÃ©al Ã— LIU YU

You light up my day and night.ğŸ“¸

#Liuyu #INTO1Liuyu #åˆ˜å®‡ #åŠ‰å®‡ #ãƒªãƒ¥ã‚¦ãƒ¦ #ë¦¬ìš°ìœ„ #à¸«à¸¥à¸´à¸§à¸­à¸§à¸µà¹ˆ #LÆ°uVÅ© #INTO1â€¦""",ReTweet,"""Twitter for Android""",50,0,Halutopia,English,"""2562263449""",ğŸ³,lavieenwhale,"""Random thingy, danmeist, stan SJ, EXO, åˆ˜å®‡ - INTO1 | Author""",Non-Verified,https://twitter.com/lavieenwhale,661,607,"11-Jun-2014 23:07:37"
"""1434870039488851973""",https://twitter.com/xilyan0210/status/1434870039488851973,"06-Sep-2021 13:24:10","""RT @Liuyu_Fanclub: 210906 Lâ€™OrÃ©al Ã— LIU YU

You light up my day and night.ğŸ“¸

#Liuyu #INTO1Liuyu #åˆ˜å®‡ #åŠ‰å®‡ #ãƒªãƒ¥ã‚¦ãƒ¦ #ë¦¬ìš°ìœ„ #à¸«à¸¥à¸´à¸§à¸­à¸§à¸µà¹ˆ #LÆ°uVÅ© #INTO1â€¦""",ReTweet,"""Twitter for Android""",50,0,,English,"""1422171811148550144""",â˜ƒï¸(*Â´Ï‰ï½€*),xilyan0210,"""ä½ çœ¼ä¸­çš„æ˜Ÿæ²³ï¼Œèƒœè¿‡æˆ‘è§è¿‡çš„ä¸€åˆ‡æµ©æ¸ºçƒŸæ³¢, çŸ¥é“å¤§å®¶å¾ˆå¤šå§”å±ˆæˆ‘å¾ˆå¿ƒç–¼""",Non-Verified,https://twitter.com/xilyan0210,6,41,"02-Aug-2021 12:26:10"
"""1434869922450984965""",https://twitter.com/yyuyuwans_/status/1434869922450984965,"06-Sep-2021 13:23:42","""RT @Liuyu_Fanclub: 210906 Lâ€™OrÃ©al Ã— LIU YU

You light up my day and night.ğŸ“¸

#Liuyu #INTO1Liuyu #åˆ˜å®‡ #åŠ‰å®‡ #ãƒªãƒ¥ã‚¦ãƒ¦ #ë¦¬ìš°ìœ„ #à¸«à¸¥à¸´à¸§à¸­à¸§à¸µà¹ˆ #LÆ°uVÅ© #INTO1â€¦""",ReTweet,"""Twitter for Android""",50,0,,English,"""1406955765768736771""",ai,yyuyuwans_,"""â€” #åˆ˜å®‡ â™¡""",Non-Verified,https://twitter.com/yyuyuwans_,133,178,"21-Jun-2021 12:42:59"
"""1434869921423368193""",https://twitter.com/KrungKring_z/status/1434869921423368193,"06-Sep-2021 13:23:42","""RT @Liuyu_Fanclub: 210906 Lâ€™OrÃ©al Ã— LIU YU

You light up my day and night.ğŸ“¸

#Liuyu #INTO1Liuyu #åˆ˜å®‡ #åŠ‰å®‡ #ãƒªãƒ¥ã‚¦ãƒ¦ #ë¦¬ìš°ìœ„ #à¸«à¸¥à¸´à¸§à¸­à¸§à¸µà¹ˆ #LÆ°uVÅ© #INTO1â€¦""",ReTweet,"""Twitter for iPhone""",50,0,,English,"""354759865""",MaRonğŸŸğŸ¦ˆ,KrungKring_z,"""â€œé€ç»™ç¾å¥½â€ ğŸŸ Liuyu only l åˆ˜å®‡ l the center of INTO1 ğŸ¦ˆ | Main keeping | I am YUWAN l â€œOP Liuyuâ€ ğŸ’™ â€œà¹à¸ªà¸•à¸™à¹€à¸”à¸µà¹ˆà¸¢à¸§à¸«à¸¥à¸´à¸§à¸­à¸§à¸µà¹ˆâ€""",Non-Verified,https://twitter.com/KrungKring_z,89,147,"14-Aug-2011 07:34:25"
"""1434869837663199240""",https://twitter.com/Liuyu_Fanclub/status/1434869837663199240,"06-Sep-2021 13:23:22","""210906 Lâ€™OrÃ©al Ã— LIU YU

You light up my day and night.ğŸ“¸

#Liuyu #INTO1Liuyu #åˆ˜å®‡ #åŠ‰å®‡ #ãƒªãƒ¥ã‚¦ãƒ¦ #ë¦¬ìš°ìœ„ #à¸«à¸¥à¸´à¸§à¸­à¸§à¸µà¹ˆ #LÆ°uVÅ© #INTO1 #Wajijiwa #å“‡å”§å”§å“‡ #LOrÃ©al #æ¬§è±é›… https://t.co/8uc4T9JCAF""",Tweet,"""Twitter for iPhone""",50,79,,English,"""1373163619806945280""",åˆ˜å®‡å®˜æ–¹ç²‰ä¸åæ´ä¼š,Liuyu_Fanclub,"""LIUYU OFFICIAL FANCLUB""",Non-Verified,https://twitter.com/Liuyu_Fanclub,1673,0,"20-Mar-2021 06:45:08"
"""1434868433812922370""",https://twitter.com/financialshaper/status/1434868433812922370,"06-Sep-2021 13:17:47","""RT @SavyFox_: Get to know Lâ€™OrÃ©al the European Dividend Aristocrat at https://t.co/B42jb8t46p #loreal #europeandividendaristocrat #dividendâ€¦""",ReTweet,"""Twitter for iPhone""",1,0,,English,"""788787131468619776""","My Financial Shape",financialshaper,"""pursuing dreams, building wealth, having fun""",Non-Verified,https://twitter.com/financialshaper,3557,3942,"19-Oct-2016 17:01:22"
"""1434863656827711498""",https://twitter.com/shekhar_damle/status/1434863656827711498,"06-Sep-2021 12:58:48","""RT @NaviArthkranti: à¤«à¥à¤°à¥…à¤‚à¤•à¥‹à¤ˆà¤¸ à¤¬à¥‡à¤Ÿà¥‡à¤¨à¤•à¥‹à¤°à¥à¤Ÿ à¤®à¥‡à¤¯à¤°à¥à¤¸ à¤¯à¤¾ à¤«à¥à¤°à¥‡à¤‚à¤š à¤…à¤¬à¥à¤œà¤¾à¤§à¥€à¤¶ à¤†à¤£à¤¿ à¤œà¤—à¤¾à¤¤à¥€à¤² à¤¸à¤°à¥à¤µà¤¾à¤¤ à¤¶à¥à¤°à¥€à¤®à¤‚à¤¤ à¤®à¤¹à¤¿à¤²à¤¾ à¤†à¤¹à¥‡à¤¤. à¤¤à¥à¤¯à¤¾ #à¤²à¥‰à¤°à¤¿à¤¯à¤² à¤•à¤‚à¤ªà¤¨à¥€à¤šà¥à¤¯à¤¾ à¤…à¤§à¥à¤¯à¤•à¥à¤·à¤¾ à¤†â€¦""",ReTweet,"""Twitter for Android""",1,0,"Kalyan Dombivali, India",Marathi,"""4093356313""","à¤¶à¥‡à¤–à¤° à¤¸à¥à¤§à¤¾à¤•à¤° à¤¦à¤¾à¤®à¤²à¥‡.ğŸ‡®ğŸ‡³",shekhar_damle,"""à¤­à¤¾à¤°à¤¤à¥€à¤¯, 
à¤•à¥‹à¤£à¤¤à¥à¤¯à¤¾à¤¹à¥€ à¤°à¤¾à¤œà¤•à¥€à¤¯ à¤ªà¤•à¥à¤·à¤¾à¤¶à¥€ à¤•à¤¸à¤²à¤¾à¤¹à¥€ à¤¸à¤‚à¤¬à¤‚à¤§ à¤¨à¤¾à¤¹à¥€
à¤à¤• à¤¸à¤°à¥à¤µà¤¸à¤¾à¤®à¤¾à¤¨à¥à¤¯ à¤®à¤¾à¤£à¥‚à¤¸""",Non-Verified,https://twitter.com/shekhar_damle,504,626,"01-Nov-2015 18:10:08"
"""1434854895711133702""",https://twitter.com/SavyFox_/status/1434854895711133702,"06-Sep-2021 12:24:00","""Get to know Lâ€™OrÃ©al the European Dividend Aristocrat at https://t.co/B42jb8t46p #loreal #europeandividendaristocrat #dividendaristocrat #dividendinvesting #investmentblog""",Tweet,"""SEMrush Social Media Tool""",1,3,,English,"""1369823275975467012""",SavyFox,SavyFox_,"""Investment blog that writes about various  investment topics and shares research and opinions related to Stocks, P2P Lending, Crypto Currency Investments, etc.""",Non-Verified,https://twitter.com/SavyFox_,99,119,"11-Mar-2021 01:31:41"
"""1434850748739637249""",https://twitter.com/poccalilangel/status/1434850748739637249,"06-Sep-2021 12:07:31","""Di pako nakakatry ng l'oreal. Kaya salamat sayo sis at binigyan moko neto para itry at bday gift. Wag muna ngayon nagbabalat pa ang face ko haha ğŸ˜‚

@lorealparis @lenoruga
#loreal #lorealparis #lorealph #skincare https://t.co/BbP48zTfUg""",Tweet,"""Instagram""",0,0,"Quezon City",Tagalog,"""500938066""","Pocca Lil-angel",poccalilangel,"""Positive minds produce positive lives""",Non-Verified,https://twitter.com/poccalilangel,387,99,"23-Feb-2012 16:36:19"
"""1434850212820946944""",https://twitter.com/poccalilangel/status/1434850212820946944,"06-Sep-2021 12:05:23","""Di pako nakakatry ng l'oreal. Kaya salamat sayo sis at binigyan moko neto para itry at bday gift. Wag muna ngayon nagbabalat pa ang face ko haha ğŸ˜‚

@lorealparis @lenoruga
#loreal #lorealparis #lorealph #skincare https://t.co/FWTs5vCIoe""",Tweet,"""Instagram""",0,0,"Quezon City",Tagalog,"""500938066""","Pocca Lil-angel",poccalilangel,"""Positive minds produce positive lives""",Non-Verified,https://twitter.com/poccalilangel,387,99,"23-Feb-2012 16:36:19"
"""1434836361517830145""",https://twitter.com/NaviArthkranti/status/1434836361517830145,"06-Sep-2021 11:10:21","""à¤«à¥à¤°à¥…à¤‚à¤•à¥‹à¤ˆà¤¸ à¤¬à¥‡à¤Ÿà¥‡à¤¨à¤•à¥‹à¤°à¥à¤Ÿ à¤®à¥‡à¤¯à¤°à¥à¤¸ à¤¯à¤¾ à¤«à¥à¤°à¥‡à¤‚à¤š à¤…à¤¬à¥à¤œà¤¾à¤§à¥€à¤¶ à¤†à¤£à¤¿ à¤œà¤—à¤¾à¤¤à¥€à¤² à¤¸à¤°à¥à¤µà¤¾à¤¤ à¤¶à¥à¤°à¥€à¤®à¤‚à¤¤ à¤®à¤¹à¤¿à¤²à¤¾ à¤†à¤¹à¥‡à¤¤. à¤¤à¥à¤¯à¤¾ #à¤²à¥‰à¤°à¤¿à¤¯à¤² à¤•à¤‚à¤ªà¤¨à¥€à¤šà¥à¤¯à¤¾ à¤…à¤§à¥à¤¯à¤•à¥à¤·à¤¾ à¤†à¤¹à¥‡à¤¤.  à¥¨à¥¦à¥§à¥­ à¤®à¤§à¥à¤¯à¥‡ à¤œà¥‡à¤µà¥à¤¹à¤¾ à¤¤à¥à¤¯à¤¾à¤‚à¤šà¥€ à¤†à¤ˆ à¤²à¤¿à¤²à¤¿à¤¯à¤¾à¤¨ à¤¬à¥‡à¤Ÿà¥‡à¤¨à¤•à¥‹à¤°à¥à¤Ÿ à¤¯à¤¾à¤‚à¤šà¥à¤¯à¤¾ à¤®à¥ƒà¤¤à¥à¤¯à¥‚à¤¨à¤‚à¤¤à¤°à¥à¤¹à¤¾ à¤«à¥à¤°à¥…à¤‚à¤•à¥‹à¤ˆà¤¸ à¤²à¥‰à¤°à¤¿à¤¯à¤²à¤šà¥à¤¯à¤¾ à¤µà¤¾à¤°à¤¸à¤¦à¤¾à¤° à¤à¤¾à¤²à¥à¤¯à¤¾.

#loreal #RichestwoMan #Richestman #forbes https://t.co/mvOWXleqTx""",Tweet,"""Twitter Web App""",1,18,"Pune ",Marathi,"""4328211142""","Navi Arthkranti : à¤¨à¤µà¥€ à¤…à¤°à¥à¤¥à¤•à¥à¤°à¤¾à¤‚à¤¤à¥€",NaviArthkranti,"""Marathi Publication. Covers the most important Economic, Business, Tech., issues. Startup & Inspiring stories. Like us  https://t.co/Nf88IEFbhw  ğŸ“ 8898794864""",Non-Verified,https://twitter.com/NaviArthkranti,8081,43,"30-Nov-2015 10:59:51"
"""1434818686406299652""",https://twitter.com/MuestrasChollos/status/1434818686406299652,"06-Sep-2021 10:00:07","""#LOreal Paris nos sorprende con su nuevo concurso, y es que da a probar #gratis ! el nuevo #sÃ©rum con color de #Accordparfait! ğŸ˜

â¡ https://t.co/aTDIrONSNO

SeleccionarÃ¡n a 100 candidatas a cambio de #opinion ğŸ""",Tweet,"""Twitter Web App""",0,0,EspaÃ±a,Spanish,"""2491247334""","Muestras Gratis",MuestrasChollos,"""En Muestras Gratis y Chollos recopilamos para ti todas las muestras gratis, chollos, cupones y sorteos que encontramos por internet.""",Non-Verified,https://twitter.com/MuestrasChollos,2078,804,"12-May-2014 10:43:34"
"""1434813387813408768""",https://twitter.com/fbk_ask_ozcivit/status/1434813387813408768,"06-Sep-2021 09:39:03","""RT @Fevcen_Ozcivit: Fahriye Evcen'den yeni paylaÅŸÄ±mlar ğŸ”¥ğŸ”¥â¤ #fahriyeevcen #fahriyeevcenÃ¶zÃ§ivit #lorealparis #loreal #alparslan #akÃ§ahatun #uâ€¦""",ReTweet,"""Twitter for Android""",5,0,,Turkish,"""1197240847701549057""",Natalya,fbk_ask_ozcivit,"""Instagram 
@fbk_ask_ozcivit""",Non-Verified,https://twitter.com/fbk_ask_ozcivit,179,156,"20-Nov-2019 19:51:00"
"""1434798109591232514""",https://twitter.com/Charlotte_B_S/status/1434798109591232514,"06-Sep-2021 08:38:21","""New Episode 11. Le FÃ©minisme #charlotteestundragonmagique
 https://t.co/nPN0GVcYiV
Â©Charlotte Ben soussan Â©BigG 
abonnez vous Ã  ma chaÃ®ne youtube #spectacle #comedienne #comedie #sketch #personnages
#comedie #1min #charlottebensoussan #loreal #fÃ©minisme #womanrights #girlsrights""",Tweet,"""Twitter for Android""",0,0,,French,"""1412378968360112132""","Charlotte Ben soussan",Charlotte_B_S,"""Abonne toi ğŸ’œ #comedienne #chanteuse #actrice #artist #charlottebensoussan #charlotteestundragonmagique
SPECTACLE : Charlotte est un dragon magique""",Non-Verified,https://twitter.com/Charlotte_B_S,1,20,"06-Jul-2021 11:53:01"
"""1434790399940440065""",https://twitter.com/InStyleGreece/status/1434790399940440065,"06-Sep-2021 08:07:43","""https://t.co/cNc37S5nMQ

#loreal #cycladicmuseum #exhibition #greekmuseum #athens #ancientgreece""",Tweet,"""Twitter Web App""",0,0,,Undefined,"""248712639""",InStyleGreece,InStyleGreece,"""ÎœÏŒÎ´Î±, oÎ¼Î¿ÏÏ†Î¹Î¬, celebrity Î½Î­Î±, style trends, red carpet updates. Î ÎµÏÎ¹ÏƒÏƒÏŒÏ„ÎµÏÎ± ÏƒÏ„Î¿ InStyle.gr""",Non-Verified,https://twitter.com/InStyleGreece,25334,592,"07-Feb-2011 15:32:17"
"""1434788663787851780""",https://twitter.com/liuyubaby3812/status/1434788663787851780,"06-Sep-2021 08:00:49","""RT @Liuyu_Fanclub: 210901 Lâ€™OrÃ©al Liu Yu Poster

I prefer cute, handsome, kind, thoughtful, attractiveâ€¦ What? Keep it short? Okay, I preferâ€¦""",ReTweet,"""Twitter for Android""",80,0,,English,"""1390965787247005700""",äººé—´ç»è‰²,liuyubaby3812,"""ä½ çœ¼ä¸­çš„æ˜Ÿæ²³è¡æ¼¾ï¼Œæ˜¯æˆ‘ä¸€ç”Ÿçš„å¿ƒä¹‹æ‰€å‘ã€‚â˜„""",Non-Verified,https://twitter.com/liuyubaby3812,0,36,"08-May-2021 09:44:36"
"""1434781125390389251""",https://twitter.com/PoshLilQtee/status/1434781125390389251,"06-Sep-2021 07:30:51","""So good I had to share! Check out all the items I'm loving on @Poshmarkapp from @CielosCorner #poshmark #fashion #style #shopmycloset #stephanierogers #hermes #loreal: https://t.co/VG0OhXN5L7 https://t.co/aBkfJdyJB2""",Tweet,"""Poshmark""",0,0,"New York, NY",English,"""1057246862888103937""",ClassyLilQtee,PoshLilQtee,"""Hi AllğŸ‘‹, Come check out my closet & follow me to get updates on my closet and amazing steals found. ğŸ˜˜ Have an awesome day! ğŸ˜˜""",Non-Verified,https://twitter.com/PoshLilQtee,52,90,"30-Oct-2018 12:24:29"
"""1434775875690680323""",https://twitter.com/temastanitim/status/1434775875690680323,"06-Sep-2021 07:10:00","""Elseve iÃ§in Ã¼retim ve montajÄ±nÄ± tamamladÄ±ÄŸÄ±mÄ±z stand Ã§alÄ±ÅŸmalarÄ±mÄ±zla Ã–zhan Marketler Zinciri, GeÃ§it maÄŸazasÄ±ndayÄ±z! #Elseve #Loreal #haircare #dermokozmetik #Visual #Display #application #Ã–zhanMarket #GeÃ§it #Bursa #design #Temas https://t.co/cwMNGNzvez""",Tweet,"""Twitter Web App""",0,0,Ä°stanbul/Turkey,Turkish,"""468503059""","Temas TanÄ±tÄ±m",temastanitim,"""Ä°ÅŸlerimiz pratik, ekonomik, yaygÄ±n ve dinamik unsurlarla sektÃ¶rde â€œtekâ€ ve â€œbenzersizâ€ bir yapÄ± gÃ¶sterir.""",Non-Verified,https://twitter.com/temastanitim,64,0,"19-Jan-2012 16:20:16"
"""1434770265871765505""",https://twitter.com/boowor_a/status/1434770265871765505,"06-Sep-2021 06:47:42","""RT @Liuyu_Fanclub: 210901 Lâ€™OrÃ©al Liu Yu Promo Video

Good skin is the best foundation for makeup, so make sure you clean it thoroughly befâ€¦""",ReTweet,"""Twitter for iPhone""",75,0,,English,"""1433679036153094146""","ğŸ’love love LiuYu & JiaYuanğŸ’",boowor_a,"""å¼€å¿ƒ ã€à¸Šà¸·à¹ˆà¸™à¸Šà¸­à¸šà¸—à¹‰à¸­à¸‡à¸Ÿà¹‰à¸²ğŸŒ¤ã€‘ | à¸à¸¶à¹ˆà¸‡à¹„à¸”à¹‰à¸¡à¸²à¸•à¸²à¸¡ INTO1ğŸ¥°â£ï¸ à¹‚à¸”à¸™à¸«à¸¥à¸´à¸§à¸­à¸§à¸µà¹ˆà¸à¸±à¸šà¹€à¸ˆà¸µà¸¢à¸«à¸¢à¸§à¸™à¸•à¸ à¸Šà¸­à¸šà¸—à¸¸à¸à¸„à¸™à¹ƒà¸™à¸§à¸‡ à¸–à¹‰à¸²à¸—à¸³à¸œà¸´à¸”à¸à¸¥à¸²à¸”à¸—à¸±à¸à¸¡à¸²à¹€à¸•à¸·à¸­à¸™à¸à¸±à¸™à¹„à¸”à¹‰à¸™à¸°à¸„à¸° à¹„à¸¡à¹ˆà¹€à¸„à¸¢à¸•à¸²à¸¡à¸§à¸‡à¸ˆà¸µà¸™à¸¡à¸²à¸à¹ˆà¸­à¸™ #INTO #insider #Liuyu""",Non-Verified,https://twitter.com/boowor_a,1,28,"03-Sep-2021 06:32:13"
"""1434767384238190594""",https://twitter.com/RajuMehta8/status/1434767384238190594,"06-Sep-2021 06:36:15","""#Marlboro #HAndM #LorÃ©al #Visa #HSBC #ESPN #HewlettPackard #Siemens #Audi #Gucci #IKEA #Nestle #FritoLay #HomeDepot #UPS #Ford #Danone #HermÃ¨s #Fox #Accenture #Pampers #Zara #WellsFargo #JPMorgan #Ebay #Kraft #Volkswagen #Caterpillar #Coach #ThomsonReuters #MasterCard""",Reply,"""Twitter Web App""",0,0,"Mumbai / India",Undefined,"""1148231060""","Raju Mehta",RajuMehta8,"""Founder : Rushabh Creations, Videotech : 9820822552""",Non-Verified,https://twitter.com/RajuMehta8,13,23,"04-Feb-2013 14:58:59"
"""1434758157411172357""",https://twitter.com/Sangria90690942/status/1434758157411172357,"06-Sep-2021 05:59:35","""RT @Fevcen_Ozcivit: Fahriye Evcen'den yeni paylaÅŸÄ±mlar ğŸ”¥ğŸ”¥â¤ #fahriyeevcen #fahriyeevcenÃ¶zÃ§ivit #lorealparis #loreal #alparslan #akÃ§ahatun #uâ€¦""",ReTweet,"""Twitter Web App""",5,0,,Turkish,"""1410476421407969284""",Sangria,Sangria90690942,"""""",Non-Verified,https://twitter.com/Sangria90690942,4,43,"01-Jul-2021 05:54:30"
"""1434756049014345729""",https://twitter.com/matveevanv1/status/1434756049014345729,"06-Sep-2021 05:51:13","""RT @Fevcen_Ozcivit: Fahriye Evcen'den yeni paylaÅŸÄ±mlar ğŸ”¥ğŸ”¥â¤ #fahriyeevcen #fahriyeevcenÃ¶zÃ§ivit #lorealparis #loreal #alparslan #akÃ§ahatun #uâ€¦""",ReTweet,"""Twitter for Android""",5,0,Ğ Ğ¾ÑÑĞ¸Ñ,Turkish,"""830530198797955072""",matveeva-n-v,matveevanv1,"""""",Non-Verified,https://twitter.com/matveevanv1,41,117,"11-Feb-2017 21:33:24"
"""1434756008857927681""",https://twitter.com/VYSLiuyu567/status/1434756008857927681,"06-Sep-2021 05:51:03","""RT @Liuyu_Fanclub: 210904 Lâ€™OrÃ©al Liu Yu TikTok Update

Come dance with Liu Yu on TikTok(Douyin) and win some awesome Lâ€™OrÃ©al giveaway prizâ€¦""",ReTweet,"""Twitter for Android""",51,0,,Estonian,"""921710692234752000""",VYSL,VYSLiuyu567,"""Only #LiuYu #à¸«à¸¥à¸´à¸§à¸«à¸¢à¸¹ #à¸«à¸¥à¸´à¸§à¸­à¸§à¸µà¹ˆ #à¸«à¸¥à¸´à¸§à¸­à¸¢à¸µà¹ˆ #åˆ˜å®‡ 
à¸„à¸¥à¸±à¹ˆà¸‡à¸£à¸±à¸à¸¢à¸±à¸¢à¸•à¸±à¸§à¹€à¸£à¹‰à¸ à¸«à¸¥à¸´à¸§à¸­à¸§à¸µà¹ˆà¸‚à¸­à¹à¸¡à¹ˆà¹„à¸¡à¹ˆà¹ƒà¸«à¹‰à¸›à¸ªà¸”à¸§à¸±à¸™à¸—à¸µà¹ˆ 29/05/21 à¹à¸¡à¹ˆà¸à¹‡à¸—à¸³à¹ƒà¸«à¹‰à¸„à¹ˆà¸°à¸¥à¸¹à¸ğŸ¥°â¤ï¸ğŸ˜Š""",Non-Verified,https://twitter.com/VYSLiuyu567,238,465,"21-Oct-2017 12:12:08"
"""1434747932113313792""",https://twitter.com/FOB_Poland/status/1434747932113313792,"06-Sep-2021 05:18:58","""RT @lorealpoland: Dlaczego pozostanie kobietÄ… nauki wymaga duÅ¼ej determinacji? 
Dr hab. Joanna SuÅ‚kowska - jedna ze stypendystek programu Dâ€¦""",ReTweet,"""Twitter for Android""",1,0,Polska,Polish,"""74528122""","Forum Odpowiedzialnego Biznesu",FOB_Poland,"""Forum Odpowiedzialnego Biznesu to organizacja ekspercka; inicjator i partner przedsiÄ™wziÄ™Ä‡ kluczowych dla #CSRwPL i #zrÃ³wnowaÅ¼onyrozwÃ³j""",Non-Verified,https://twitter.com/FOB_Poland,2479,1895,"15-Sep-2009 19:15:25"
"""1434741160128532480""",https://twitter.com/savinovaira1/status/1434741160128532480,"06-Sep-2021 04:52:03","""RT @Fevcen_Ozcivit: Fahriye Evcen'den yeni paylaÅŸÄ±mlar ğŸ”¥ğŸ”¥â¤ #fahriyeevcen #fahriyeevcenÃ¶zÃ§ivit #lorealparis #loreal #alparslan #akÃ§ahatun #uâ€¦""",ReTweet,"""Twitter for Android""",5,0,ğŸ‡·ğŸ‡º,Turkish,"""2687874685""","Irina Savinova",savinovaira1,"""Fahriye&Burak the best couple in the world""",Non-Verified,https://twitter.com/savinovaira1,379,341,"28-Jul-2014 16:16:43"
"""1434739269655015426""",https://twitter.com/Fevcen_Ozcivit/status/1434739269655015426,"06-Sep-2021 04:44:32","""Fahriye Evcen'den yeni paylaÅŸÄ±mlar ğŸ”¥ğŸ”¥â¤ #fahriyeevcen #fahriyeevcenÃ¶zÃ§ivit #lorealparis #loreal #alparslan #akÃ§ahatun #uyanÄ±ÅŸbÃ¼yÃ¼kselÃ§uklu @EvcenF https://t.co/bnf57GYD5E""",Tweet,"""Twitter for Android""",5,16,"England, United Kingdom",Turkish,"""2940752915""","Evcen OzcivitğŸ’¥",Fevcen_Ozcivit,"""""",Non-Verified,https://twitter.com/Fevcen_Ozcivit,740,191,"25-Dec-2014 14:07:56"
"""1434724628505657344""",https://twitter.com/lavieenwhale/status/1434724628505657344,"06-Sep-2021 03:46:21","""RT @Liuyu_Fanclub: 210901 Lâ€™OrÃ©al Liu Yu Promo Video

Good skin is the best foundation for makeup, so make sure you clean it thoroughly befâ€¦""",ReTweet,"""Twitter for Android""",75,0,Halutopia,English,"""2562263449""",ğŸ³,lavieenwhale,"""Random thingy, danmeist, stan SJ, EXO, åˆ˜å®‡ - INTO1 | Author""",Non-Verified,https://twitter.com/lavieenwhale,661,607,"11-Jun-2014 23:07:37"
"""1434712800975228928""",https://twitter.com/Qeyes4/status/1434712800975228928,"06-Sep-2021 02:59:22","""#QeyesNews
L'OrÃ©al has appointed Ruby Chun as brand general manager for La Roche Posay and Cerave in North Asia, taking charge of the promotion of the brand in this region which covers mainland China, Hong Kong and Taiwan regions, Korea and Japan.
#cosmetic #cosmeticnews #LOrÃ©al https://t.co/R58inVyAw9""",Tweet,"""Twitter Web App""",0,0,"Wuhan, China",English,"""1191528463078834177""",Qeyes,Qeyes4,"""The Most Popular Cosmestics Professional Media in China!
Professional financial media in china, Bringing you latest cosmetic news, trends & market analysis.""",Non-Verified,https://twitter.com/Qeyes4,264,45,"05-Nov-2019 01:31:53"
"""1434660251651874817""",https://twitter.com/ClaudiaLisethe/status/1434660251651874817,"05-Sep-2021 23:30:33","""So good I had to share! Check out all the items I'm loving on @Poshmarkapp from @samira_m1977 #poshmark #fashion #style #shopmycloset #loreal #stuartweitzman #w5: https://t.co/OMyeGgZPpX https://t.co/vIFQdLy7tF""",Tweet,"""Poshmark""",0,1,"Menifee, CA",English,"""79783936""","Lisethe â£ğŸ‘„",ClaudiaLisethe,"""""",Non-Verified,https://twitter.com/ClaudiaLisethe,160,374,"04-Oct-2009 17:37:54"
"""1434645019210649601""",https://twitter.com/djannons/status/1434645019210649601,"05-Sep-2021 22:30:01","""So good I had to share! Check out all the items I'm loving on @Poshmarkapp from @samira_m1977 #poshmark #fashion #style #shopmycloset #nola7nails #loreal #veronicabeard: https://t.co/AFtrZC62Ct https://t.co/WISTuM7SZN""",Tweet,"""Poshmark""",0,0,,English,"""1106112220549648385""","Djannons Treasures",djannons,"""""",Non-Verified,https://twitter.com/djannons,2,1,"14-Mar-2019 08:37:58"
"""1434641503331098624""",https://twitter.com/Melanie11982796/status/1434641503331098624,"05-Sep-2021 22:16:03","""https://t.co/U8hXoXOngb

New video alert! ğŸš¨
New foundation review and wear test on my YouTube channel!
#loreal #drugstoremakeup #beautyover40 #lorealtruematch #matureskin #affordablemakeup #bestof2021 #over50 #over40 #weartest #dryskin #makeup #foundationreview""",Tweet,"""Twitter for Android""",0,1,,English,"""1117195922146856960""",Melanie,Melanie11982796,"""I love makeup and I upload new videos every week!""",Non-Verified,https://twitter.com/Melanie11982796,103,87,"13-Apr-2019 22:40:39"
"""1434632323920707585""",https://twitter.com/luciana_peter1/status/1434632323920707585,"05-Sep-2021 21:39:34","""@LOrealUSA Revitalift Derm Intensives 1.5% Pure Hyaluronic Acid Serum L'OrÃ©al Paris. My skin just looks and feels smooth, shiny and soft. Just amazing, definitely recommend it.
#loreal #lorealrevitalift #lorealskin #lorealskincare #lorealparis  #gotitfree 
https://t.co/RL6504iaRE https://t.co/KrPkLw4qGQ""",Tweet,"""Twitter for Android""",0,1,"United States",English,"""3294853192""",Luciana,luciana_peter1,"""I am a Product Tester & Influencer!
I use my SOCIAL MEDIA to do Reviews & Promote!
https://t.co/O7Nwl425BG
LINKS CLICK HEREğŸ‘‡ğŸ‘‡ğŸ‘‡ğŸ‘‡ğŸ‘‡ğŸ‘‡ğŸ‘‡ğŸ‘‡""",Non-Verified,https://twitter.com/luciana_peter1,2258,2165,"23-May-2015 04:02:08"
"""1434586445604442118""",https://twitter.com/StartledJesus/status/1434586445604442118,"05-Sep-2021 18:37:16","""@emsquare_d He was worth it, though. #sts70s #loreal""",Reply,"""TweetDeck""",0,3,"Limbo. Next door to Purgatory.",English,"""2398122540""","Startled Jesus",StartledJesus,"""Nothing to see here, move along there. By order of The Peaky Blinders.""",Non-Verified,https://twitter.com/StartledJesus,497,1802,"19-Mar-2014 16:26:50"
"""1434563500911726596""",https://twitter.com/boursomoussa/status/1434563500911726596,"05-Sep-2021 17:06:06","""RT @MOLDIV_VideoLab: ğŸ’•Decorated the â€˜dear, klairsâ€™ video with VideoLab stickersğŸ’•ğŸ¥³ğŸŒ¸ Try dear klairs! Try MOLDIV VideoLab! 

#moldivvideolabâ€¦""",ReTweet,"""Bourso parrainage """,1,0,Florida,English,"""1366471105410707460""","The Foundation For Cosmetics",boursomoussa,"""Just a Small Investment to get BIG results.
ğŸ”°ğŸ”°ğŸ”°
https://t.co/Ym18nb2bWt""",Non-Verified,https://twitter.com/boursomoussa,94,77,"01-Mar-2021 19:31:59"
"""1434561972062855177""",https://twitter.com/MOLDIV_VideoLab/status/1434561972062855177,"05-Sep-2021 17:00:01","""ğŸ’•Decorated the â€˜dear, klairsâ€™ video with VideoLab stickersğŸ’•ğŸ¥³ğŸŒ¸ Try dear klairs! Try MOLDIV VideoLab! 

#moldivvideolab #cosmetics #loreal #vegen #pilates https://t.co/jEtpdZspKR""",Tweet,"""Twitter Web App""",1,1,,English,"""1372437073123155970""","MOLDIV VideoLab",MOLDIV_VideoLab,"""Easy Video Editing App, MOLDIV VideoLab!ğŸ‘""",Non-Verified,https://twitter.com/MOLDIV_VideoLab,3,10,"18-Mar-2021 06:38:01"
"""1434553991019446276""",https://twitter.com/LianasKnickK/status/1434553991019446276,"05-Sep-2021 16:28:18","""So good I had to share! Check out all the items I'm loving on @Poshmarkapp #poshmark #fashion #style #shopmycloset #lululemon #loreal #bracketron: https://t.co/2u3blCe3gJ https://t.co/KPTqXqSbgn""",Tweet,"""Poshmark""",0,0,"Jarrell, Texas",English,"""1082703715486842880""","Liana's Knick Knacks",LianasKnickK,"""Quality never goes out of style.""",Non-Verified,https://twitter.com/LianasKnickK,47,5,"08-Jan-2019 18:20:56"
"""1434534111037861897""",https://twitter.com/toumpapharmacy/status/1434534111037861897,"05-Sep-2021 15:09:19","""â­ï¸ğŸ˜CHECK THIS OUT Î•Î”Î© â¡ï¸ https://t.co/VygCjltruP
â­ï¸ğŸ˜ L'Oreal Paris Colorista ""1-Day Color"" 75ml ÎœÎŸÎÎŸ 1,50EUR
â­ï¸ğŸ˜ÏƒÎµ Ï‡ÏÏÎ¼Î± Î»ÎµÎ²Î¬Î½Ï„Î±Ï‚ &amp; Î¼Î­Î½Ï„Î±Ï‚!

#LOreal #Î²Î±Ï†Î® #Colorista #Î¿Î¼Î¿ÏÏ†Î¹Î¬ #MINTHAIR #LAVENDER #HAIR #toumpapharmacy #Back2school  #skg #Î˜ÎµÏƒÏƒÎ±Î»Î¿Î½Î¯ÎºÎ· #shoponline #Î¦Î±ÏÎ¼Î±ÎºÎµÎ¯Î¿ https://t.co/RVdTUCYlyt""",Tweet,"""Twitter Web App""",0,0,"Thessaloniki, Greece",Undefined,"""928533332899614721""",toumpapharmacy,toumpapharmacy,"""Pharmacy/Health/Well-Being""",Non-Verified,https://twitter.com/toumpapharmacy,20,97,"09-Nov-2017 08:02:52"
"""1434495977285578755""",https://twitter.com/loveshopforever/status/1434495977285578755,"05-Sep-2021 12:37:47","""#Loreal à¸¥à¸­à¸£à¸µà¸­à¸±à¸¥ à¸›à¸²à¸£à¸µà¸ª à¸£à¸µà¹„à¸§à¸—à¸±à¸¥à¸¥à¸´à¸Ÿà¸—à¹Œ à¹„à¸®à¸¢à¸²à¸¥à¸¹à¸£à¸­à¸™à¸´à¸„ à¹à¸­à¸‹à¸´à¸” à¹€à¸‹à¸£à¸±à¹ˆà¸¡ 30 à¸¡à¸¥ à¸ªà¹ˆà¸‡à¸•à¹ˆà¸­à¸£à¸²à¸„à¸² 700 à¸£à¸§à¸¡à¸ªà¹ˆà¸‡à¸„à¹ˆà¸° à¸ªà¸™à¹ƒà¸ˆà¸ªà¸­à¸šà¸–à¸²à¸¡à¹„à¸”à¹‰à¸™à¸°à¸„à¸° (!!!à¸¡à¸·à¸­1à¹€à¸¥à¸¢à¸™à¸°à¸„à¸°!!! à¸¢à¸±à¸‡à¹„à¸¡à¹ˆà¹„à¸”à¹‰à¹à¸à¸°à¸­à¸­à¸à¸¡à¸²à¹€à¸¥à¸¢à¸‡à¸±à¸š)  #LOrealParisTH #à¸¥à¸­à¸£à¸µà¸­à¸±à¸¥ #à¸ªà¹ˆà¸‡à¸•à¹ˆà¸­à¸ªà¸à¸´à¸™à¹à¸„à¸£à¹Œ #à¸ªà¹ˆà¸‡à¸•à¹ˆà¸­à¸„à¸ªà¸­ #à¸ªà¹ˆà¸‡à¸•à¹ˆà¸­à¹€à¸„à¸£à¸·à¹ˆà¸­à¸‡à¸ªà¹à¸²à¸­à¸²à¸‡ #à¸”à¸µà¸šà¸­à¸à¸•à¹ˆà¸­ https://t.co/CdQTbUZnXP""",Tweet,"""Twitter for Android""",0,0,à¸›à¸£à¸°à¹€à¸—à¸¨à¹„à¸—à¸¢,Thai,"""963059495633956865""",à¸«à¸™à¸¹à¸£à¸±à¸à¸à¸´à¹€à¸ˆ,loveshopforever,"""à¸‚à¸²à¸¢à¸‚à¸­à¸‡à¸ªà¸°à¸ªà¸¡à¸„à¹‰à¸²à¸šà¸šğŸ˜
à¸Šà¸·à¹ˆà¸­à¹€à¸”à¸´à¸¡ @lovesnsdforeve9
à¸”à¸¹à¸£à¸µà¸§à¸´à¸§à¹„à¸”à¹‰à¸ˆà¸²à¸ #à¸£à¸µà¸§à¸´à¸§forever à¸«à¸£à¸·à¸­ à¹ƒà¸™Likeà¸„à¹ˆà¸²à¸²ğŸ¥°""",Non-Verified,https://twitter.com/loveshopforever,31,30,"12-Feb-2018 14:37:31"
"""1434495509931036678""",https://twitter.com/PortiaDuncan20/status/1434495509931036678,"05-Sep-2021 12:35:55","""So good I had to share! Check out all the items I'm loving on @Poshmarkapp from @tammy19200239 #poshmark #fashion #style #shopmycloset #loreal #francescascollections #torrid: https://t.co/KmHkI6VRCl https://t.co/cebubMEHtu""",Tweet,"""Poshmark""",0,0,,English,"""1418696258189860874""","Portia Duncan",PortiaDuncan20,"""""",Non-Verified,https://twitter.com/PortiaDuncan20,1,1,"23-Jul-2021 22:15:34"
"""1434479197213401090""",https://twitter.com/Diegospagnolo83/status/1434479197213401090,"05-Sep-2021 11:31:06","""@MissAudreyBoo @SoBusyDear Je dis non aux cheveux cassant et aux pointes sÃ¨ches #loreal""",Reply,"""Twitter for iPhone""",0,1,"Paris, France",French,"""1330624085878038532""",Diego,Diegospagnolo83,"""""",Non-Verified,https://twitter.com/Diegospagnolo83,84,667,"22-Nov-2020 21:28:10"
"""1434473830546751490""",https://twitter.com/kurtzqplx/status/1434473830546751490,"05-Sep-2021 11:09:47","""RT @Liuyu_Fanclub: 210904 Lâ€™OrÃ©al Liu Yu TikTok Update

Come dance with Liu Yu on TikTok(Douyin) and win some awesome Lâ€™OrÃ©al giveaway prizâ€¦""",ReTweet,"""Twitter for iPhone""",51,0,à¹€à¸à¸´à¸”à¸¡à¸²à¸Šà¸­à¸šà¸„à¸™à¸Šà¸·à¹ˆà¸­à¸«à¸¥à¸´à¸§,Estonian,"""1354764883917733888""",èè,kurtzqplx,"""#åˆ˜å®‡ / 3n 02 / n CT / 130613""",Non-Verified,https://twitter.com/kurtzqplx,23,47,"28-Jan-2021 12:14:58"
"""1434472591348011013""",https://twitter.com/angellu1013/status/1434472591348011013,"05-Sep-2021 11:04:51","""RT @Liuyu_Fanclub: 210904 Lâ€™OrÃ©al Liu Yu TikTok Update

Come dance with Liu Yu on TikTok(Douyin) and win some awesome Lâ€™OrÃ©al giveaway prizâ€¦""",ReTweet,"""Twitter for Android""",51,0,,Estonian,"""1383795789487505408""",Angellu1013,angellu1013,"""""",Non-Verified,https://twitter.com/angellu1013,0,6,"18-Apr-2021 14:53:34"
"""1434441203181776896""",https://twitter.com/itemtrader2/status/1434441203181776896,"05-Sep-2021 09:00:08","""https://t.co/cwqKTPojx6 LOrÃ©al Professionnel ì§€ì„±ìš©ìƒ´í‘¸ í–¥ê¸°ì¢‹ì€ ì •ìˆ˜ë¦¬ëƒ„ìƒˆ ë¯¸ìš©ì‹¤ìƒ´í‘¸ ë…ì¼ë°°ì†¡ ìŠ¤í•‘í¬ìŠ¤ ê³ ì–‘ ì´ìš© ì½”í†  ëª¨ë‹¤ í”„ë¡œ ë°”ì´ì˜¤ í‹± ìƒ´í‘¸ 120ml-79234, ë‹¨ì¼ì˜µì…˜, ë‹¨ì¼ì˜µì…˜ #LOrÃ©al #Professionnel #ì§€ì„±ìš©ìƒ´í‘¸ ""íŒŒíŠ¸ë„ˆìŠ¤ í™œë™ì„ í†µí•´ ì¼ì •ì•¡ì˜ ìˆ˜ìˆ˜ë£Œë¥¼ ì œê³µë°›ì„ ìˆ˜ ìˆìŒ"" https://t.co/QuiLYcmWuh""",Tweet,"""miner012""",0,0,,Korean,"""1409187251318259719""",itemtrader2,itemtrader2,"""Hello""",Non-Verified,https://twitter.com/itemtrader2,1,14,"27-Jun-2021 16:30:05"
"""1434441115806027776""",https://twitter.com/itemtrader1/status/1434441115806027776,"05-Sep-2021 08:59:47","""https://t.co/7CHpVS6ScQ LOrÃ©al Professionnel ì§€ì„±ìš©ìƒ´í‘¸ í–¥ê¸°ì¢‹ì€ ì •ìˆ˜ë¦¬ëƒ„ìƒˆ ë¯¸ìš©ì‹¤ìƒ´í‘¸ ë…ì¼ë°°ì†¡ ìŠ¤í•‘í¬ìŠ¤ ê³ ì–‘ ì´ìš© ì½”í†  ëª¨ë‹¤ í”„ë¡œ ë°”ì´ì˜¤ í‹± ìƒ´í‘¸ 120ml-79234, ë‹¨ì¼ì˜µì…˜, ë‹¨ì¼ì˜µì…˜ #LOrÃ©al #Professionnel #ì§€ì„±ìš©ìƒ´í‘¸ ""íŒŒíŠ¸ë„ˆìŠ¤ í™œë™ì„ í†µí•´ ì¼ì •ì•¡ì˜ ìˆ˜ìˆ˜ë£Œë¥¼ ì œê³µë°›ì„ ìˆ˜ ìˆìŒ"" https://t.co/yf8pt8uUJl""",Tweet,"""itrader13""",0,0,,Korean,"""1348961131881058306""",item-info-bot,itemtrader1,"""IT News, IT Products, Coupang, Etc""",Non-Verified,https://twitter.com/itemtrader1,10,49,"12-Jan-2021 11:53:00"
"""1434438570693967873""",https://twitter.com/Nini9296/status/1434438570693967873,"05-Sep-2021 08:49:40","""RT @Liuyu_Fanclub: 210904 Lâ€™OrÃ©al Liu Yu TikTok Update

Come dance with Liu Yu on TikTok(Douyin) and win some awesome Lâ€™OrÃ©al giveaway prizâ€¦""",ReTweet,"""Twitter for Android""",51,0,,Estonian,"""4448123307""",ğŸŒ»ğŸŒ»ğŸŒ»,Nini9296,"""ğŸ”¥ ğŸ° ğŸ‰ ğŸ¸""",Non-Verified,https://twitter.com/Nini9296,93,385,"11-Dec-2015 12:07:29"
"""1434435640771452929""",https://twitter.com/pic2shop/status/1434435640771452929,"05-Sep-2021 08:38:01","""Loreal LÂ´Oreal Expert Cuero Cabelludo ChampÃº Sensi Balance 500ml #LOrÃ©al https://t.co/y81khsXo3U https://t.co/p2oUOfJR62""",Tweet,"""Pic2shop Barcode Scanner""",0,0,Worldwide,Spanish,"""30920148""","pic2shopÂ® barcode scanner",pic2shop,"""Independent iOS + Android barcode scanner for comparison shopping. Reads small and blurry QR codes too. Totally anonymous and free. SDK available since 2009.""",Non-Verified,https://twitter.com/pic2shop,236,175,"13-Apr-2009 18:16:59"
"""1434413495416762372""",https://twitter.com/Brandkloud/status/1434413495416762372,"05-Sep-2021 07:10:02","""Berenice Bruno likes review #LOreal #Lush #YvesRocherFrance #Deborah #GemeyMaybel https://t.co/L1MRE5NrJz https://t.co/lgj8KmRBFr""",Tweet,"""Brandkloud""",0,0,"Celbridge Co. Kildare",English,"""1639962966""",Brandkloud,Brandkloud,"""Make Friends with Brands""",Non-Verified,https://twitter.com/Brandkloud,259,205,"02-Aug-2013 08:56:17"
